index,filename,document_id,ground_truth,predicted_type,confidence,correct,engine_name,signals,scores_by_type,ocr_status
1,invoice_51109301.pdf,batch1_doc_001,NPO,NPO,0.68,True,rule_based,invoice number pattern; phrase 'invoice no'; word 'invoice'; phrase 'bill to / client'; word 'vendor / seller'; term 'GSTIN'; term 'Tax Id'; phrase 'date of issue'; phrase 'amount due / total summary',"{""POI"": 0.1579, ""NPO"": 0.68, ""IMA"": 0.0, ""MSI"": 0.0, ""PSI"": 0.0, ""JER"": 0.0, ""BKA"": 0.0, ""DPR"": 0.0, ""LCA"": 0.0}",SUCCESS
2,invoice_51109302.pdf,batch1_doc_002,NPO,NPO,0.68,True,rule_based,invoice number pattern; phrase 'invoice no'; word 'invoice'; phrase 'bill to / client'; word 'vendor / seller'; term 'GSTIN'; term 'Tax Id'; phrase 'date of issue'; phrase 'amount due / total summary',"{""POI"": 0.1579, ""NPO"": 0.68, ""IMA"": 0.0, ""MSI"": 0.0, ""PSI"": 0.0, ""JER"": 0.0, ""BKA"": 0.0, ""DPR"": 0.0, ""LCA"": 0.0}",SUCCESS
3,invoice_51109303.pdf,batch1_doc_003,NPO,NPO,0.68,True,rule_based,invoice number pattern; phrase 'invoice no'; word 'invoice'; phrase 'bill to / client'; word 'vendor / seller'; term 'GSTIN'; term 'Tax Id'; phrase 'date of issue'; phrase 'amount due / total summary',"{""POI"": 0.1579, ""NPO"": 0.68, ""IMA"": 0.0, ""MSI"": 0.0, ""PSI"": 0.0, ""JER"": 0.0, ""BKA"": 0.0, ""DPR"": 0.0, ""LCA"": 0.0}",SUCCESS
4,invoice_51109304.pdf,batch1_doc_004,NPO,NPO,0.68,True,rule_based,invoice number pattern; phrase 'invoice no'; word 'invoice'; phrase 'bill to / client'; word 'vendor / seller'; term 'GSTIN'; term 'Tax Id'; phrase 'date of issue'; phrase 'amount due / total summary',"{""POI"": 0.1579, ""NPO"": 0.68, ""IMA"": 0.0, ""MSI"": 0.0, ""PSI"": 0.0, ""JER"": 0.0, ""BKA"": 0.0, ""DPR"": 0.0, ""LCA"": 0.0}",SUCCESS
5,invoice_51109305.pdf,batch1_doc_005,NPO,NPO,0.68,True,rule_based,invoice number pattern; phrase 'invoice no'; word 'invoice'; phrase 'bill to / client'; word 'vendor / seller'; term 'GSTIN'; term 'Tax Id'; phrase 'date of issue'; phrase 'amount due / total summary',"{""POI"": 0.1579, ""NPO"": 0.68, ""IMA"": 0.0, ""MSI"": 0.0, ""PSI"": 0.0, ""JER"": 0.0, ""BKA"": 0.0, ""DPR"": 0.0, ""LCA"": 0.0}",SUCCESS
6,invoice_51109306.pdf,batch1_doc_006,NPO,NPO,0.68,True,rule_based,invoice number pattern; phrase 'invoice no'; word 'invoice'; phrase 'bill to / client'; word 'vendor / seller'; term 'GSTIN'; term 'Tax Id'; phrase 'date of issue'; phrase 'amount due / total summary',"{""POI"": 0.1579, ""NPO"": 0.68, ""IMA"": 0.0, ""MSI"": 0.0, ""PSI"": 0.0, ""JER"": 0.0, ""BKA"": 0.0, ""DPR"": 0.0, ""LCA"": 0.0}",SUCCESS
7,invoice_51109307.pdf,batch1_doc_007,NPO,NPO,0.68,True,rule_based,invoice number pattern; phrase 'invoice no'; word 'invoice'; phrase 'bill to / client'; word 'vendor / seller'; term 'GSTIN'; term 'Tax Id'; phrase 'date of issue'; phrase 'amount due / total summary',"{""POI"": 0.1579, ""NPO"": 0.68, ""IMA"": 0.0, ""MSI"": 0.0, ""PSI"": 0.0, ""JER"": 0.0, ""BKA"": 0.0, ""DPR"": 0.0, ""LCA"": 0.0}",SUCCESS
8,invoice_51109308.pdf,batch1_doc_008,NPO,NPO,0.68,True,rule_based,invoice number pattern; phrase 'invoice no'; word 'invoice'; phrase 'bill to / client'; word 'vendor / seller'; term 'GSTIN'; term 'Tax Id'; phrase 'date of issue'; phrase 'amount due / total summary',"{""POI"": 0.1579, ""NPO"": 0.68, ""IMA"": 0.0, ""MSI"": 0.0, ""PSI"": 0.0, ""JER"": 0.0, ""BKA"": 0.0, ""DPR"": 0.0, ""LCA"": 0.0}",SUCCESS
9,invoice_51109309.pdf,batch1_doc_009,NPO,NPO,0.68,True,rule_based,invoice number pattern; phrase 'invoice no'; word 'invoice'; phrase 'bill to / client'; word 'vendor / seller'; term 'GSTIN'; term 'Tax Id'; phrase 'date of issue'; phrase 'amount due / total summary',"{""POI"": 0.1579, ""NPO"": 0.68, ""IMA"": 0.0, ""MSI"": 0.0, ""PSI"": 0.0, ""JER"": 0.0, ""BKA"": 0.0, ""DPR"": 0.0, ""LCA"": 0.0}",SUCCESS
10,invoice_51109310.pdf,batch1_doc_010,NPO,NPO,0.68,True,rule_based,invoice number pattern; phrase 'invoice no'; word 'invoice'; phrase 'bill to / client'; word 'vendor / seller'; term 'GSTIN'; term 'Tax Id'; phrase 'date of issue'; phrase 'amount due / total summary',"{""POI"": 0.1579, ""NPO"": 0.68, ""IMA"": 0.0, ""MSI"": 0.0, ""PSI"": 0.0, ""JER"": 0.0, ""BKA"": 0.0, ""DPR"": 0.0, ""LCA"": 0.0}",SUCCESS
11,invoice_51109311.pdf,batch1_doc_011,NPO,NPO,0.68,True,rule_based,invoice number pattern; phrase 'invoice no'; word 'invoice'; phrase 'bill to / client'; word 'vendor / seller'; term 'GSTIN'; term 'Tax Id'; phrase 'date of issue'; phrase 'amount due / total summary',"{""POI"": 0.1579, ""NPO"": 0.68, ""IMA"": 0.0, ""MSI"": 0.0, ""PSI"": 0.0, ""JER"": 0.0, ""BKA"": 0.0, ""DPR"": 0.0, ""LCA"": 0.0}",SUCCESS
12,invoice_51109312.pdf,batch1_doc_012,NPO,NPO,0.68,True,rule_based,invoice number pattern; phrase 'invoice no'; word 'invoice'; phrase 'bill to / client'; word 'vendor / seller'; term 'GSTIN'; term 'Tax Id'; phrase 'date of issue'; phrase 'amount due / total summary',"{""POI"": 0.1579, ""NPO"": 0.68, ""IMA"": 0.0, ""MSI"": 0.0, ""PSI"": 0.0, ""JER"": 0.0, ""BKA"": 0.0, ""DPR"": 0.0, ""LCA"": 0.0}",SUCCESS
13,invoice_51109313.pdf,batch1_doc_013,NPO,NPO,0.68,True,rule_based,invoice number pattern; phrase 'invoice no'; word 'invoice'; phrase 'bill to / client'; word 'vendor / seller'; term 'GSTIN'; term 'Tax Id'; phrase 'date of issue'; phrase 'amount due / total summary',"{""POI"": 0.1579, ""NPO"": 0.68, ""IMA"": 0.0, ""MSI"": 0.0, ""PSI"": 0.0, ""JER"": 0.0, ""BKA"": 0.0, ""DPR"": 0.0, ""LCA"": 0.0}",SUCCESS
14,invoice_51109314.pdf,batch1_doc_014,NPO,NPO,0.68,True,rule_based,invoice number pattern; phrase 'invoice no'; word 'invoice'; phrase 'bill to / client'; word 'vendor / seller'; term 'GSTIN'; term 'Tax Id'; phrase 'date of issue'; phrase 'amount due / total summary',"{""POI"": 0.1579, ""NPO"": 0.68, ""IMA"": 0.0, ""MSI"": 0.0, ""PSI"": 0.0, ""JER"": 0.0, ""BKA"": 0.0, ""DPR"": 0.0, ""LCA"": 0.0}",SUCCESS
15,invoice_51109315.pdf,batch1_doc_015,NPO,NPO,0.68,True,rule_based,invoice number pattern; phrase 'invoice no'; word 'invoice'; phrase 'bill to / client'; word 'vendor / seller'; term 'GSTIN'; term 'Tax Id'; phrase 'date of issue'; phrase 'amount due / total summary',"{""POI"": 0.1579, ""NPO"": 0.68, ""IMA"": 0.0, ""MSI"": 0.0, ""PSI"": 0.0, ""JER"": 0.0, ""BKA"": 0.0, ""DPR"": 0.0, ""LCA"": 0.0}",SUCCESS
16,invoice_51109316.pdf,batch1_doc_016,NPO,NPO,0.68,True,rule_based,invoice number pattern; phrase 'invoice no'; word 'invoice'; phrase 'bill to / client'; word 'vendor / seller'; term 'GSTIN'; term 'Tax Id'; phrase 'date of issue'; phrase 'amount due / total summary',"{""POI"": 0.1579, ""NPO"": 0.68, ""IMA"": 0.0, ""MSI"": 0.0, ""PSI"": 0.0, ""JER"": 0.0, ""BKA"": 0.0, ""DPR"": 0.0, ""LCA"": 0.0}",SUCCESS
17,invoice_51109317.pdf,batch1_doc_017,NPO,NPO,0.68,True,rule_based,invoice number pattern; phrase 'invoice no'; word 'invoice'; phrase 'bill to / client'; word 'vendor / seller'; term 'GSTIN'; term 'Tax Id'; phrase 'date of issue'; phrase 'amount due / total summary',"{""POI"": 0.1579, ""NPO"": 0.68, ""IMA"": 0.0, ""MSI"": 0.0, ""PSI"": 0.0, ""JER"": 0.0, ""BKA"": 0.0, ""DPR"": 0.0, ""LCA"": 0.0}",SUCCESS
18,invoice_51109318.pdf,batch1_doc_018,NPO,NPO,0.68,True,rule_based,invoice number pattern; phrase 'invoice no'; word 'invoice'; phrase 'bill to / client'; word 'vendor / seller'; term 'GSTIN'; term 'Tax Id'; phrase 'date of issue'; phrase 'amount due / total summary',"{""POI"": 0.1579, ""NPO"": 0.68, ""IMA"": 0.0, ""MSI"": 0.0, ""PSI"": 0.0, ""JER"": 0.0, ""BKA"": 0.0, ""DPR"": 0.0, ""LCA"": 0.0}",SUCCESS
19,invoice_51109319.pdf,batch1_doc_019,NPO,NPO,0.68,True,rule_based,invoice number pattern; phrase 'invoice no'; word 'invoice'; phrase 'bill to / client'; word 'vendor / seller'; term 'GSTIN'; term 'Tax Id'; phrase 'date of issue'; phrase 'amount due / total summary',"{""POI"": 0.1579, ""NPO"": 0.68, ""IMA"": 0.0, ""MSI"": 0.0, ""PSI"": 0.0, ""JER"": 0.0, ""BKA"": 0.0, ""DPR"": 0.0, ""LCA"": 0.0}",SUCCESS
20,invoice_51109320.pdf,batch1_doc_020,NPO,NPO,0.68,True,rule_based,invoice number pattern; phrase 'invoice no'; word 'invoice'; phrase 'bill to / client'; word 'vendor / seller'; term 'GSTIN'; term 'Tax Id'; phrase 'date of issue'; phrase 'amount due / total summary',"{""POI"": 0.1579, ""NPO"": 0.68, ""IMA"": 0.0, ""MSI"": 0.0, ""PSI"": 0.0, ""JER"": 0.0, ""BKA"": 0.0, ""DPR"": 0.0, ""LCA"": 0.0}",SUCCESS
21,invoice_51109321.pdf,batch1_doc_021,NPO,NPO,0.68,True,rule_based,invoice number pattern; phrase 'invoice no'; word 'invoice'; phrase 'bill to / client'; word 'vendor / seller'; term 'GSTIN'; term 'Tax Id'; phrase 'date of issue'; phrase 'amount due / total summary',"{""POI"": 0.1579, ""NPO"": 0.68, ""IMA"": 0.0, ""MSI"": 0.0, ""PSI"": 0.0, ""JER"": 0.0, ""BKA"": 0.0, ""DPR"": 0.0, ""LCA"": 0.0}",SUCCESS
22,invoice_51109322.pdf,batch1_doc_022,NPO,NPO,0.68,True,rule_based,invoice number pattern; phrase 'invoice no'; word 'invoice'; phrase 'bill to / client'; word 'vendor / seller'; term 'GSTIN'; term 'Tax Id'; phrase 'date of issue'; phrase 'amount due / total summary',"{""POI"": 0.1579, ""NPO"": 0.68, ""IMA"": 0.0, ""MSI"": 0.0, ""PSI"": 0.0, ""JER"": 0.0, ""BKA"": 0.0, ""DPR"": 0.0, ""LCA"": 0.0}",SUCCESS
23,invoice_51109323.pdf,batch1_doc_023,NPO,NPO,0.68,True,rule_based,invoice number pattern; phrase 'invoice no'; word 'invoice'; phrase 'bill to / client'; word 'vendor / seller'; term 'GSTIN'; term 'Tax Id'; phrase 'date of issue'; phrase 'amount due / total summary',"{""POI"": 0.1579, ""NPO"": 0.68, ""IMA"": 0.0, ""MSI"": 0.0, ""PSI"": 0.0, ""JER"": 0.0, ""BKA"": 0.0, ""DPR"": 0.0, ""LCA"": 0.0}",SUCCESS
24,invoice_51109324.pdf,batch1_doc_024,NPO,NPO,0.68,True,rule_based,invoice number pattern; phrase 'invoice no'; word 'invoice'; phrase 'bill to / client'; word 'vendor / seller'; term 'GSTIN'; term 'Tax Id'; phrase 'date of issue'; phrase 'amount due / total summary',"{""POI"": 0.1579, ""NPO"": 0.68, ""IMA"": 0.0, ""MSI"": 0.0, ""PSI"": 0.0, ""JER"": 0.0, ""BKA"": 0.0, ""DPR"": 0.0, ""LCA"": 0.0}",SUCCESS
25,invoice_51109325.pdf,batch1_doc_025,NPO,NPO,0.68,True,rule_based,invoice number pattern; phrase 'invoice no'; word 'invoice'; phrase 'bill to / client'; word 'vendor / seller'; term 'GSTIN'; term 'Tax Id'; phrase 'date of issue'; phrase 'amount due / total summary',"{""POI"": 0.1579, ""NPO"": 0.68, ""IMA"": 0.0, ""MSI"": 0.0, ""PSI"": 0.0, ""JER"": 0.0, ""BKA"": 0.0, ""DPR"": 0.0, ""LCA"": 0.0}",SUCCESS
26,invoice_51109326.pdf,batch1_doc_026,NPO,NPO,0.68,True,rule_based,invoice number pattern; phrase 'invoice no'; word 'invoice'; phrase 'bill to / client'; word 'vendor / seller'; term 'GSTIN'; term 'Tax Id'; phrase 'date of issue'; phrase 'amount due / total summary',"{""POI"": 0.1579, ""NPO"": 0.68, ""IMA"": 0.0, ""MSI"": 0.0, ""PSI"": 0.0, ""JER"": 0.0, ""BKA"": 0.0, ""DPR"": 0.0, ""LCA"": 0.0}",SUCCESS
27,invoice_51109327.pdf,batch1_doc_027,NPO,NPO,0.68,True,rule_based,invoice number pattern; phrase 'invoice no'; word 'invoice'; phrase 'bill to / client'; word 'vendor / seller'; term 'GSTIN'; term 'Tax Id'; phrase 'date of issue'; phrase 'amount due / total summary',"{""POI"": 0.1579, ""NPO"": 0.68, ""IMA"": 0.0, ""MSI"": 0.0, ""PSI"": 0.0, ""JER"": 0.0, ""BKA"": 0.0, ""DPR"": 0.0, ""LCA"": 0.0}",SUCCESS
28,invoice_51109328.pdf,batch1_doc_028,NPO,NPO,0.68,True,rule_based,invoice number pattern; phrase 'invoice no'; word 'invoice'; phrase 'bill to / client'; word 'vendor / seller'; term 'GSTIN'; term 'Tax Id'; phrase 'date of issue'; phrase 'amount due / total summary',"{""POI"": 0.1579, ""NPO"": 0.68, ""IMA"": 0.0, ""MSI"": 0.0, ""PSI"": 0.0, ""JER"": 0.0, ""BKA"": 0.0, ""DPR"": 0.0, ""LCA"": 0.0}",SUCCESS
29,invoice_51109329.pdf,batch1_doc_029,NPO,NPO,0.68,True,rule_based,invoice number pattern; phrase 'invoice no'; word 'invoice'; phrase 'bill to / client'; word 'vendor / seller'; term 'GSTIN'; term 'Tax Id'; phrase 'date of issue'; phrase 'amount due / total summary',"{""POI"": 0.1579, ""NPO"": 0.68, ""IMA"": 0.0, ""MSI"": 0.0, ""PSI"": 0.0, ""JER"": 0.0, ""BKA"": 0.0, ""DPR"": 0.0, ""LCA"": 0.0}",SUCCESS
30,invoice_51109330.pdf,batch1_doc_030,NPO,NPO,0.68,True,rule_based,invoice number pattern; phrase 'invoice no'; word 'invoice'; phrase 'bill to / client'; word 'vendor / seller'; term 'GSTIN'; term 'Tax Id'; phrase 'date of issue'; phrase 'amount due / total summary',"{""POI"": 0.1579, ""NPO"": 0.68, ""IMA"": 0.0, ""MSI"": 0.0, ""PSI"": 0.0, ""JER"": 0.0, ""BKA"": 0.0, ""DPR"": 0.0, ""LCA"": 0.0}",SUCCESS
31,invoice_51109331.pdf,batch1_doc_031,NPO,NPO,0.68,True,rule_based,invoice number pattern; phrase 'invoice no'; word 'invoice'; phrase 'bill to / client'; word 'vendor / seller'; term 'GSTIN'; term 'Tax Id'; phrase 'date of issue'; phrase 'amount due / total summary',"{""POI"": 0.1579, ""NPO"": 0.68, ""IMA"": 0.0, ""MSI"": 0.0, ""PSI"": 0.0, ""JER"": 0.0, ""BKA"": 0.0, ""DPR"": 0.0, ""LCA"": 0.0}",SUCCESS
32,invoice_51109332.pdf,batch1_doc_032,NPO,NPO,0.68,True,rule_based,invoice number pattern; phrase 'invoice no'; word 'invoice'; phrase 'bill to / client'; word 'vendor / seller'; term 'GSTIN'; term 'Tax Id'; phrase 'date of issue'; phrase 'amount due / total summary',"{""POI"": 0.1579, ""NPO"": 0.68, ""IMA"": 0.0, ""MSI"": 0.0, ""PSI"": 0.0, ""JER"": 0.0, ""BKA"": 0.0, ""DPR"": 0.0, ""LCA"": 0.0}",SUCCESS
33,invoice_51109333.pdf,batch1_doc_033,NPO,NPO,0.68,True,rule_based,invoice number pattern; phrase 'invoice no'; word 'invoice'; phrase 'bill to / client'; word 'vendor / seller'; term 'GSTIN'; term 'Tax Id'; phrase 'date of issue'; phrase 'amount due / total summary',"{""POI"": 0.1579, ""NPO"": 0.68, ""IMA"": 0.0, ""MSI"": 0.0, ""PSI"": 0.0, ""JER"": 0.0, ""BKA"": 0.0, ""DPR"": 0.0, ""LCA"": 0.0}",SUCCESS
34,invoice_51109334.pdf,batch1_doc_034,NPO,NPO,0.68,True,rule_based,invoice number pattern; phrase 'invoice no'; word 'invoice'; phrase 'bill to / client'; word 'vendor / seller'; term 'GSTIN'; term 'Tax Id'; phrase 'date of issue'; phrase 'amount due / total summary',"{""POI"": 0.1579, ""NPO"": 0.68, ""IMA"": 0.0, ""MSI"": 0.0, ""PSI"": 0.0, ""JER"": 0.0, ""BKA"": 0.0, ""DPR"": 0.0, ""LCA"": 0.0}",SUCCESS
35,invoice_51109335.pdf,batch1_doc_035,NPO,NPO,0.68,True,rule_based,invoice number pattern; phrase 'invoice no'; word 'invoice'; phrase 'bill to / client'; word 'vendor / seller'; term 'GSTIN'; term 'Tax Id'; phrase 'date of issue'; phrase 'amount due / total summary',"{""POI"": 0.1579, ""NPO"": 0.68, ""IMA"": 0.0, ""MSI"": 0.0, ""PSI"": 0.0, ""JER"": 0.0, ""BKA"": 0.0, ""DPR"": 0.0, ""LCA"": 0.0}",SUCCESS
36,invoice_51109336.pdf,batch1_doc_036,NPO,NPO,0.68,True,rule_based,invoice number pattern; phrase 'invoice no'; word 'invoice'; phrase 'bill to / client'; word 'vendor / seller'; term 'GSTIN'; term 'Tax Id'; phrase 'date of issue'; phrase 'amount due / total summary',"{""POI"": 0.1579, ""NPO"": 0.68, ""IMA"": 0.0, ""MSI"": 0.0, ""PSI"": 0.0, ""JER"": 0.0, ""BKA"": 0.0, ""DPR"": 0.0, ""LCA"": 0.0}",SUCCESS
37,invoice_51109337.pdf,batch1_doc_037,NPO,NPO,0.68,True,rule_based,invoice number pattern; phrase 'invoice no'; word 'invoice'; phrase 'bill to / client'; word 'vendor / seller'; term 'GSTIN'; term 'Tax Id'; phrase 'date of issue'; phrase 'amount due / total summary',"{""POI"": 0.1579, ""NPO"": 0.68, ""IMA"": 0.0, ""MSI"": 0.0, ""PSI"": 0.0, ""JER"": 0.0, ""BKA"": 0.0, ""DPR"": 0.0, ""LCA"": 0.0}",SUCCESS
38,invoice_51109338.pdf,batch1_doc_038,NPO,NPO,0.68,True,rule_based,invoice number pattern; phrase 'invoice no'; word 'invoice'; phrase 'bill to / client'; word 'vendor / seller'; term 'GSTIN'; term 'Tax Id'; phrase 'date of issue'; phrase 'amount due / total summary',"{""POI"": 0.1579, ""NPO"": 0.68, ""IMA"": 0.0, ""MSI"": 0.0, ""PSI"": 0.0, ""JER"": 0.0, ""BKA"": 0.0, ""DPR"": 0.0, ""LCA"": 0.0}",SUCCESS
39,invoice_51109339.pdf,batch1_doc_039,NPO,NPO,0.68,True,rule_based,invoice number pattern; phrase 'invoice no'; word 'invoice'; phrase 'bill to / client'; word 'vendor / seller'; term 'GSTIN'; term 'Tax Id'; phrase 'date of issue'; phrase 'amount due / total summary',"{""POI"": 0.1579, ""NPO"": 0.68, ""IMA"": 0.0, ""MSI"": 0.0, ""PSI"": 0.0, ""JER"": 0.0, ""BKA"": 0.0, ""DPR"": 0.0, ""LCA"": 0.0}",SUCCESS
40,invoice_51109340.pdf,batch1_doc_040,NPO,NPO,0.68,True,rule_based,invoice number pattern; phrase 'invoice no'; word 'invoice'; phrase 'bill to / client'; word 'vendor / seller'; term 'GSTIN'; term 'Tax Id'; phrase 'date of issue'; phrase 'amount due / total summary',"{""POI"": 0.1579, ""NPO"": 0.68, ""IMA"": 0.0, ""MSI"": 0.0, ""PSI"": 0.0, ""JER"": 0.0, ""BKA"": 0.0, ""DPR"": 0.0, ""LCA"": 0.0}",SUCCESS
41,invoice_51109341.pdf,batch1_doc_041,NPO,NPO,0.68,True,rule_based,invoice number pattern; phrase 'invoice no'; word 'invoice'; phrase 'bill to / client'; word 'vendor / seller'; term 'GSTIN'; term 'Tax Id'; phrase 'date of issue'; phrase 'amount due / total summary',"{""POI"": 0.1579, ""NPO"": 0.68, ""IMA"": 0.0, ""MSI"": 0.0, ""PSI"": 0.0, ""JER"": 0.0, ""BKA"": 0.0, ""DPR"": 0.0, ""LCA"": 0.0}",SUCCESS
42,invoice_51109342.pdf,batch1_doc_042,NPO,NPO,0.68,True,rule_based,invoice number pattern; phrase 'invoice no'; word 'invoice'; phrase 'bill to / client'; word 'vendor / seller'; term 'GSTIN'; term 'Tax Id'; phrase 'date of issue'; phrase 'amount due / total summary',"{""POI"": 0.1579, ""NPO"": 0.68, ""IMA"": 0.0, ""MSI"": 0.0, ""PSI"": 0.0, ""JER"": 0.0, ""BKA"": 0.0, ""DPR"": 0.0, ""LCA"": 0.0}",SUCCESS
43,invoice_51109343.pdf,batch1_doc_043,NPO,NPO,0.68,True,rule_based,invoice number pattern; phrase 'invoice no'; word 'invoice'; phrase 'bill to / client'; word 'vendor / seller'; term 'GSTIN'; term 'Tax Id'; phrase 'date of issue'; phrase 'amount due / total summary',"{""POI"": 0.1579, ""NPO"": 0.68, ""IMA"": 0.0, ""MSI"": 0.0, ""PSI"": 0.0, ""JER"": 0.0, ""BKA"": 0.0, ""DPR"": 0.0, ""LCA"": 0.0}",SUCCESS
44,invoice_51109344.pdf,batch1_doc_044,NPO,NPO,0.68,True,rule_based,invoice number pattern; phrase 'invoice no'; word 'invoice'; phrase 'bill to / client'; word 'vendor / seller'; term 'GSTIN'; term 'Tax Id'; phrase 'date of issue'; phrase 'amount due / total summary',"{""POI"": 0.1579, ""NPO"": 0.68, ""IMA"": 0.0, ""MSI"": 0.0, ""PSI"": 0.0, ""JER"": 0.0, ""BKA"": 0.0, ""DPR"": 0.0, ""LCA"": 0.0}",SUCCESS
45,invoice_51109345.pdf,batch1_doc_045,NPO,NPO,0.68,True,rule_based,invoice number pattern; phrase 'invoice no'; word 'invoice'; phrase 'bill to / client'; word 'vendor / seller'; term 'GSTIN'; term 'Tax Id'; phrase 'date of issue'; phrase 'amount due / total summary',"{""POI"": 0.1579, ""NPO"": 0.68, ""IMA"": 0.0, ""MSI"": 0.0, ""PSI"": 0.0, ""JER"": 0.0, ""BKA"": 0.0, ""DPR"": 0.0, ""LCA"": 0.0}",SUCCESS
46,invoice_51109346.pdf,batch1_doc_046,NPO,NPO,0.68,True,rule_based,invoice number pattern; phrase 'invoice no'; word 'invoice'; phrase 'bill to / client'; word 'vendor / seller'; term 'GSTIN'; term 'Tax Id'; phrase 'date of issue'; phrase 'amount due / total summary',"{""POI"": 0.1579, ""NPO"": 0.68, ""IMA"": 0.0, ""MSI"": 0.0, ""PSI"": 0.0, ""JER"": 0.0, ""BKA"": 0.0, ""DPR"": 0.0, ""LCA"": 0.0}",SUCCESS
47,invoice_51109347.pdf,batch1_doc_047,NPO,NPO,0.68,True,rule_based,invoice number pattern; phrase 'invoice no'; word 'invoice'; phrase 'bill to / client'; word 'vendor / seller'; term 'GSTIN'; term 'Tax Id'; phrase 'date of issue'; phrase 'amount due / total summary',"{""POI"": 0.1579, ""NPO"": 0.68, ""IMA"": 0.0, ""MSI"": 0.0, ""PSI"": 0.0, ""JER"": 0.0, ""BKA"": 0.0, ""DPR"": 0.0, ""LCA"": 0.0}",SUCCESS
48,invoice_51109348.pdf,batch1_doc_048,NPO,NPO,0.68,True,rule_based,invoice number pattern; phrase 'invoice no'; word 'invoice'; phrase 'bill to / client'; word 'vendor / seller'; term 'GSTIN'; term 'Tax Id'; phrase 'date of issue'; phrase 'amount due / total summary',"{""POI"": 0.1579, ""NPO"": 0.68, ""IMA"": 0.0, ""MSI"": 0.0, ""PSI"": 0.0, ""JER"": 0.0, ""BKA"": 0.0, ""DPR"": 0.0, ""LCA"": 0.0}",SUCCESS
49,invoice_51109349.pdf,batch1_doc_049,NPO,NPO,0.68,True,rule_based,invoice number pattern; phrase 'invoice no'; word 'invoice'; phrase 'bill to / client'; word 'vendor / seller'; term 'GSTIN'; term 'Tax Id'; phrase 'date of issue'; phrase 'amount due / total summary',"{""POI"": 0.1579, ""NPO"": 0.68, ""IMA"": 0.0, ""MSI"": 0.0, ""PSI"": 0.0, ""JER"": 0.0, ""BKA"": 0.0, ""DPR"": 0.0, ""LCA"": 0.0}",SUCCESS
50,invoice_51109350.pdf,batch1_doc_050,NPO,NPO,0.68,True,rule_based,invoice number pattern; phrase 'invoice no'; word 'invoice'; phrase 'bill to / client'; word 'vendor / seller'; term 'GSTIN'; term 'Tax Id'; phrase 'date of issue'; phrase 'amount due / total summary',"{""POI"": 0.1579, ""NPO"": 0.68, ""IMA"": 0.0, ""MSI"": 0.0, ""PSI"": 0.0, ""JER"": 0.0, ""BKA"": 0.0, ""DPR"": 0.0, ""LCA"": 0.0}",SUCCESS
51,invoice_51109351.pdf,batch1_doc_051,NPO,NPO,0.68,True,rule_based,invoice number pattern; phrase 'invoice no'; word 'invoice'; phrase 'bill to / client'; word 'vendor / seller'; term 'GSTIN'; term 'Tax Id'; phrase 'date of issue'; phrase 'amount due / total summary',"{""POI"": 0.1579, ""NPO"": 0.68, ""IMA"": 0.0, ""MSI"": 0.0, ""PSI"": 0.0, ""JER"": 0.0, ""BKA"": 0.0, ""DPR"": 0.0, ""LCA"": 0.0}",SUCCESS
52,invoice_51109352.pdf,batch1_doc_052,NPO,NPO,0.68,True,rule_based,invoice number pattern; phrase 'invoice no'; word 'invoice'; phrase 'bill to / client'; word 'vendor / seller'; term 'GSTIN'; term 'Tax Id'; phrase 'date of issue'; phrase 'amount due / total summary',"{""POI"": 0.1579, ""NPO"": 0.68, ""IMA"": 0.0, ""MSI"": 0.0, ""PSI"": 0.0, ""JER"": 0.0, ""BKA"": 0.0, ""DPR"": 0.0, ""LCA"": 0.0}",SUCCESS
53,invoice_51109353.pdf,batch1_doc_053,NPO,NPO,0.68,True,rule_based,invoice number pattern; phrase 'invoice no'; word 'invoice'; phrase 'bill to / client'; word 'vendor / seller'; term 'GSTIN'; term 'Tax Id'; phrase 'date of issue'; phrase 'amount due / total summary',"{""POI"": 0.1579, ""NPO"": 0.68, ""IMA"": 0.0, ""MSI"": 0.0, ""PSI"": 0.0, ""JER"": 0.0, ""BKA"": 0.0, ""DPR"": 0.0, ""LCA"": 0.0}",SUCCESS
54,invoice_51109354.pdf,batch1_doc_054,NPO,NPO,0.68,True,rule_based,invoice number pattern; phrase 'invoice no'; word 'invoice'; phrase 'bill to / client'; word 'vendor / seller'; term 'GSTIN'; term 'Tax Id'; phrase 'date of issue'; phrase 'amount due / total summary',"{""POI"": 0.1579, ""NPO"": 0.68, ""IMA"": 0.0, ""MSI"": 0.0, ""PSI"": 0.0, ""JER"": 0.0, ""BKA"": 0.0, ""DPR"": 0.0, ""LCA"": 0.0}",SUCCESS
55,invoice_51109355.pdf,batch1_doc_055,NPO,NPO,0.68,True,rule_based,invoice number pattern; phrase 'invoice no'; word 'invoice'; phrase 'bill to / client'; word 'vendor / seller'; term 'GSTIN'; term 'Tax Id'; phrase 'date of issue'; phrase 'amount due / total summary',"{""POI"": 0.1579, ""NPO"": 0.68, ""IMA"": 0.0, ""MSI"": 0.0, ""PSI"": 0.0, ""JER"": 0.0, ""BKA"": 0.0, ""DPR"": 0.0, ""LCA"": 0.0}",SUCCESS
56,invoice_51109356.pdf,batch1_doc_056,NPO,NPO,0.68,True,rule_based,invoice number pattern; phrase 'invoice no'; word 'invoice'; phrase 'bill to / client'; word 'vendor / seller'; term 'GSTIN'; term 'Tax Id'; phrase 'date of issue'; phrase 'amount due / total summary',"{""POI"": 0.1579, ""NPO"": 0.68, ""IMA"": 0.0, ""MSI"": 0.0, ""PSI"": 0.0, ""JER"": 0.0, ""BKA"": 0.0, ""DPR"": 0.0, ""LCA"": 0.0}",SUCCESS
57,invoice_51109357.pdf,batch1_doc_057,NPO,NPO,0.68,True,rule_based,invoice number pattern; phrase 'invoice no'; word 'invoice'; phrase 'bill to / client'; word 'vendor / seller'; term 'GSTIN'; term 'Tax Id'; phrase 'date of issue'; phrase 'amount due / total summary',"{""POI"": 0.1579, ""NPO"": 0.68, ""IMA"": 0.0, ""MSI"": 0.0, ""PSI"": 0.0, ""JER"": 0.0, ""BKA"": 0.0, ""DPR"": 0.0, ""LCA"": 0.0}",SUCCESS
58,invoice_51109358.pdf,batch1_doc_058,NPO,NPO,0.68,True,rule_based,invoice number pattern; phrase 'invoice no'; word 'invoice'; phrase 'bill to / client'; word 'vendor / seller'; term 'GSTIN'; term 'Tax Id'; phrase 'date of issue'; phrase 'amount due / total summary',"{""POI"": 0.1579, ""NPO"": 0.68, ""IMA"": 0.0, ""MSI"": 0.0, ""PSI"": 0.0, ""JER"": 0.0, ""BKA"": 0.0, ""DPR"": 0.0, ""LCA"": 0.0}",SUCCESS
59,invoice_51109359.pdf,batch1_doc_059,NPO,NPO,0.68,True,rule_based,invoice number pattern; phrase 'invoice no'; word 'invoice'; phrase 'bill to / client'; word 'vendor / seller'; term 'GSTIN'; term 'Tax Id'; phrase 'date of issue'; phrase 'amount due / total summary',"{""POI"": 0.1579, ""NPO"": 0.68, ""IMA"": 0.0, ""MSI"": 0.0, ""PSI"": 0.0, ""JER"": 0.0, ""BKA"": 0.0, ""DPR"": 0.0, ""LCA"": 0.0}",SUCCESS
60,invoice_51109360.pdf,batch1_doc_060,NPO,NPO,0.68,True,rule_based,invoice number pattern; phrase 'invoice no'; word 'invoice'; phrase 'bill to / client'; word 'vendor / seller'; term 'GSTIN'; term 'Tax Id'; phrase 'date of issue'; phrase 'amount due / total summary',"{""POI"": 0.1579, ""NPO"": 0.68, ""IMA"": 0.0, ""MSI"": 0.0, ""PSI"": 0.0, ""JER"": 0.0, ""BKA"": 0.0, ""DPR"": 0.0, ""LCA"": 0.0}",SUCCESS
61,invoice_51109361.pdf,batch1_doc_061,NPO,NPO,0.68,True,rule_based,invoice number pattern; phrase 'invoice no'; word 'invoice'; phrase 'bill to / client'; word 'vendor / seller'; term 'GSTIN'; term 'Tax Id'; phrase 'date of issue'; phrase 'amount due / total summary',"{""POI"": 0.1579, ""NPO"": 0.68, ""IMA"": 0.0, ""MSI"": 0.0, ""PSI"": 0.0, ""JER"": 0.0, ""BKA"": 0.0, ""DPR"": 0.0, ""LCA"": 0.0}",SUCCESS
62,invoice_51109362.pdf,batch1_doc_062,NPO,NPO,0.68,True,rule_based,invoice number pattern; phrase 'invoice no'; word 'invoice'; phrase 'bill to / client'; word 'vendor / seller'; term 'GSTIN'; term 'Tax Id'; phrase 'date of issue'; phrase 'amount due / total summary',"{""POI"": 0.1579, ""NPO"": 0.68, ""IMA"": 0.0, ""MSI"": 0.0, ""PSI"": 0.0, ""JER"": 0.0, ""BKA"": 0.0, ""DPR"": 0.0, ""LCA"": 0.0}",SUCCESS
63,invoice_51109363.pdf,batch1_doc_063,NPO,NPO,0.68,True,rule_based,invoice number pattern; phrase 'invoice no'; word 'invoice'; phrase 'bill to / client'; word 'vendor / seller'; term 'GSTIN'; term 'Tax Id'; phrase 'date of issue'; phrase 'amount due / total summary',"{""POI"": 0.1579, ""NPO"": 0.68, ""IMA"": 0.0, ""MSI"": 0.0, ""PSI"": 0.0, ""JER"": 0.0, ""BKA"": 0.0, ""DPR"": 0.0, ""LCA"": 0.0}",SUCCESS
64,invoice_51109364.pdf,batch1_doc_064,NPO,NPO,0.68,True,rule_based,invoice number pattern; phrase 'invoice no'; word 'invoice'; phrase 'bill to / client'; word 'vendor / seller'; term 'GSTIN'; term 'Tax Id'; phrase 'date of issue'; phrase 'amount due / total summary',"{""POI"": 0.1579, ""NPO"": 0.68, ""IMA"": 0.0, ""MSI"": 0.0, ""PSI"": 0.0, ""JER"": 0.0, ""BKA"": 0.0, ""DPR"": 0.0, ""LCA"": 0.0}",SUCCESS
65,invoice_51109365.pdf,batch1_doc_065,NPO,NPO,0.68,True,rule_based,invoice number pattern; phrase 'invoice no'; word 'invoice'; phrase 'bill to / client'; word 'vendor / seller'; term 'GSTIN'; term 'Tax Id'; phrase 'date of issue'; phrase 'amount due / total summary',"{""POI"": 0.1579, ""NPO"": 0.68, ""IMA"": 0.0, ""MSI"": 0.0, ""PSI"": 0.0, ""JER"": 0.0, ""BKA"": 0.0, ""DPR"": 0.0, ""LCA"": 0.0}",SUCCESS
66,invoice_51109366.pdf,batch1_doc_066,NPO,NPO,0.68,True,rule_based,invoice number pattern; phrase 'invoice no'; word 'invoice'; phrase 'bill to / client'; word 'vendor / seller'; term 'GSTIN'; term 'Tax Id'; phrase 'date of issue'; phrase 'amount due / total summary',"{""POI"": 0.1579, ""NPO"": 0.68, ""IMA"": 0.0, ""MSI"": 0.0, ""PSI"": 0.0, ""JER"": 0.0, ""BKA"": 0.0, ""DPR"": 0.0, ""LCA"": 0.0}",SUCCESS
67,invoice_51109367.pdf,batch1_doc_067,NPO,NPO,0.68,True,rule_based,invoice number pattern; phrase 'invoice no'; word 'invoice'; phrase 'bill to / client'; word 'vendor / seller'; term 'GSTIN'; term 'Tax Id'; phrase 'date of issue'; phrase 'amount due / total summary',"{""POI"": 0.1579, ""NPO"": 0.68, ""IMA"": 0.0, ""MSI"": 0.0, ""PSI"": 0.0, ""JER"": 0.0, ""BKA"": 0.0, ""DPR"": 0.0, ""LCA"": 0.0}",SUCCESS
68,invoice_51109368.pdf,batch1_doc_068,NPO,NPO,0.68,True,rule_based,invoice number pattern; phrase 'invoice no'; word 'invoice'; phrase 'bill to / client'; word 'vendor / seller'; term 'GSTIN'; term 'Tax Id'; phrase 'date of issue'; phrase 'amount due / total summary',"{""POI"": 0.1579, ""NPO"": 0.68, ""IMA"": 0.0, ""MSI"": 0.0, ""PSI"": 0.0, ""JER"": 0.0, ""BKA"": 0.0, ""DPR"": 0.0, ""LCA"": 0.0}",SUCCESS
69,invoice_51109369.pdf,batch1_doc_069,NPO,NPO,0.68,True,rule_based,invoice number pattern; phrase 'invoice no'; word 'invoice'; phrase 'bill to / client'; word 'vendor / seller'; term 'GSTIN'; term 'Tax Id'; phrase 'date of issue'; phrase 'amount due / total summary',"{""POI"": 0.1579, ""NPO"": 0.68, ""IMA"": 0.0, ""MSI"": 0.0, ""PSI"": 0.0, ""JER"": 0.0, ""BKA"": 0.0, ""DPR"": 0.0, ""LCA"": 0.0}",SUCCESS
70,invoice_51109370.pdf,batch1_doc_070,NPO,NPO,0.68,True,rule_based,invoice number pattern; phrase 'invoice no'; word 'invoice'; phrase 'bill to / client'; word 'vendor / seller'; term 'GSTIN'; term 'Tax Id'; phrase 'date of issue'; phrase 'amount due / total summary',"{""POI"": 0.1579, ""NPO"": 0.68, ""IMA"": 0.0, ""MSI"": 0.0, ""PSI"": 0.0, ""JER"": 0.0, ""BKA"": 0.0, ""DPR"": 0.0, ""LCA"": 0.0}",SUCCESS
71,invoice_51109371.pdf,batch1_doc_071,NPO,NPO,0.68,True,rule_based,invoice number pattern; phrase 'invoice no'; word 'invoice'; phrase 'bill to / client'; word 'vendor / seller'; term 'GSTIN'; term 'Tax Id'; phrase 'date of issue'; phrase 'amount due / total summary',"{""POI"": 0.1579, ""NPO"": 0.68, ""IMA"": 0.0, ""MSI"": 0.0, ""PSI"": 0.0, ""JER"": 0.0, ""BKA"": 0.0, ""DPR"": 0.0, ""LCA"": 0.0}",SUCCESS
72,invoice_51109372.pdf,batch1_doc_072,NPO,NPO,0.68,True,rule_based,invoice number pattern; phrase 'invoice no'; word 'invoice'; phrase 'bill to / client'; word 'vendor / seller'; term 'GSTIN'; term 'Tax Id'; phrase 'date of issue'; phrase 'amount due / total summary',"{""POI"": 0.1579, ""NPO"": 0.68, ""IMA"": 0.0, ""MSI"": 0.0, ""PSI"": 0.0, ""JER"": 0.0, ""BKA"": 0.0, ""DPR"": 0.0, ""LCA"": 0.0}",SUCCESS
73,invoice_51109373.pdf,batch1_doc_073,NPO,NPO,0.68,True,rule_based,invoice number pattern; phrase 'invoice no'; word 'invoice'; phrase 'bill to / client'; word 'vendor / seller'; term 'GSTIN'; term 'Tax Id'; phrase 'date of issue'; phrase 'amount due / total summary',"{""POI"": 0.1579, ""NPO"": 0.68, ""IMA"": 0.0, ""MSI"": 0.0, ""PSI"": 0.0, ""JER"": 0.0, ""BKA"": 0.0, ""DPR"": 0.0, ""LCA"": 0.0}",SUCCESS
74,invoice_51109374.pdf,batch1_doc_074,NPO,NPO,0.68,True,rule_based,invoice number pattern; phrase 'invoice no'; word 'invoice'; phrase 'bill to / client'; word 'vendor / seller'; term 'GSTIN'; term 'Tax Id'; phrase 'date of issue'; phrase 'amount due / total summary',"{""POI"": 0.1579, ""NPO"": 0.68, ""IMA"": 0.0, ""MSI"": 0.0, ""PSI"": 0.0, ""JER"": 0.0, ""BKA"": 0.0, ""DPR"": 0.0, ""LCA"": 0.0}",SUCCESS
75,invoice_51109375.pdf,batch1_doc_075,NPO,NPO,0.68,True,rule_based,invoice number pattern; phrase 'invoice no'; word 'invoice'; phrase 'bill to / client'; word 'vendor / seller'; term 'GSTIN'; term 'Tax Id'; phrase 'date of issue'; phrase 'amount due / total summary',"{""POI"": 0.1579, ""NPO"": 0.68, ""IMA"": 0.0, ""MSI"": 0.0, ""PSI"": 0.0, ""JER"": 0.0, ""BKA"": 0.0, ""DPR"": 0.0, ""LCA"": 0.0}",SUCCESS
76,invoice_51109376.pdf,batch1_doc_076,NPO,NPO,0.68,True,rule_based,invoice number pattern; phrase 'invoice no'; word 'invoice'; phrase 'bill to / client'; word 'vendor / seller'; term 'GSTIN'; term 'Tax Id'; phrase 'date of issue'; phrase 'amount due / total summary',"{""POI"": 0.1579, ""NPO"": 0.68, ""IMA"": 0.0, ""MSI"": 0.0, ""PSI"": 0.0, ""JER"": 0.0, ""BKA"": 0.0, ""DPR"": 0.0, ""LCA"": 0.0}",SUCCESS
77,invoice_51109377.pdf,batch1_doc_077,NPO,NPO,0.68,True,rule_based,invoice number pattern; phrase 'invoice no'; word 'invoice'; phrase 'bill to / client'; word 'vendor / seller'; term 'GSTIN'; term 'Tax Id'; phrase 'date of issue'; phrase 'amount due / total summary',"{""POI"": 0.1579, ""NPO"": 0.68, ""IMA"": 0.0, ""MSI"": 0.0, ""PSI"": 0.0, ""JER"": 0.0, ""BKA"": 0.0, ""DPR"": 0.0, ""LCA"": 0.0}",SUCCESS
78,invoice_51109378.pdf,batch1_doc_078,NPO,NPO,0.68,True,rule_based,invoice number pattern; phrase 'invoice no'; word 'invoice'; phrase 'bill to / client'; word 'vendor / seller'; term 'GSTIN'; term 'Tax Id'; phrase 'date of issue'; phrase 'amount due / total summary',"{""POI"": 0.1579, ""NPO"": 0.68, ""IMA"": 0.0, ""MSI"": 0.0, ""PSI"": 0.0, ""JER"": 0.0, ""BKA"": 0.0, ""DPR"": 0.0, ""LCA"": 0.0}",SUCCESS
79,invoice_51109379.pdf,batch1_doc_079,NPO,NPO,0.68,True,rule_based,invoice number pattern; phrase 'invoice no'; word 'invoice'; phrase 'bill to / client'; word 'vendor / seller'; term 'GSTIN'; term 'Tax Id'; phrase 'date of issue'; phrase 'amount due / total summary',"{""POI"": 0.1579, ""NPO"": 0.68, ""IMA"": 0.0, ""MSI"": 0.0, ""PSI"": 0.0, ""JER"": 0.0, ""BKA"": 0.0, ""DPR"": 0.0, ""LCA"": 0.0}",SUCCESS
80,invoice_51109380.pdf,batch1_doc_080,NPO,NPO,0.68,True,rule_based,invoice number pattern; phrase 'invoice no'; word 'invoice'; phrase 'bill to / client'; word 'vendor / seller'; term 'GSTIN'; term 'Tax Id'; phrase 'date of issue'; phrase 'amount due / total summary',"{""POI"": 0.1579, ""NPO"": 0.68, ""IMA"": 0.0, ""MSI"": 0.0, ""PSI"": 0.0, ""JER"": 0.0, ""BKA"": 0.0, ""DPR"": 0.0, ""LCA"": 0.0}",SUCCESS
81,invoice_51109381.pdf,batch1_doc_081,NPO,NPO,0.68,True,rule_based,invoice number pattern; phrase 'invoice no'; word 'invoice'; phrase 'bill to / client'; word 'vendor / seller'; term 'GSTIN'; term 'Tax Id'; phrase 'date of issue'; phrase 'amount due / total summary',"{""POI"": 0.1579, ""NPO"": 0.68, ""IMA"": 0.0, ""MSI"": 0.0, ""PSI"": 0.0, ""JER"": 0.0, ""BKA"": 0.0, ""DPR"": 0.0, ""LCA"": 0.0}",SUCCESS
82,invoice_51109382.pdf,batch1_doc_082,NPO,NPO,0.68,True,rule_based,invoice number pattern; phrase 'invoice no'; word 'invoice'; phrase 'bill to / client'; word 'vendor / seller'; term 'GSTIN'; term 'Tax Id'; phrase 'date of issue'; phrase 'amount due / total summary',"{""POI"": 0.1579, ""NPO"": 0.68, ""IMA"": 0.0, ""MSI"": 0.0, ""PSI"": 0.0, ""JER"": 0.0, ""BKA"": 0.0, ""DPR"": 0.0, ""LCA"": 0.0}",SUCCESS
83,invoice_51109383.pdf,batch1_doc_083,NPO,NPO,0.68,True,rule_based,invoice number pattern; phrase 'invoice no'; word 'invoice'; phrase 'bill to / client'; word 'vendor / seller'; term 'GSTIN'; term 'Tax Id'; phrase 'date of issue'; phrase 'amount due / total summary',"{""POI"": 0.1579, ""NPO"": 0.68, ""IMA"": 0.0, ""MSI"": 0.0, ""PSI"": 0.0, ""JER"": 0.0, ""BKA"": 0.0, ""DPR"": 0.0, ""LCA"": 0.0}",SUCCESS
84,invoice_51109384.pdf,batch1_doc_084,NPO,NPO,0.68,True,rule_based,invoice number pattern; phrase 'invoice no'; word 'invoice'; phrase 'bill to / client'; word 'vendor / seller'; term 'GSTIN'; term 'Tax Id'; phrase 'date of issue'; phrase 'amount due / total summary',"{""POI"": 0.1579, ""NPO"": 0.68, ""IMA"": 0.0, ""MSI"": 0.0, ""PSI"": 0.0, ""JER"": 0.0, ""BKA"": 0.0, ""DPR"": 0.0, ""LCA"": 0.0}",SUCCESS
85,invoice_51109385.pdf,batch1_doc_085,NPO,NPO,0.68,True,rule_based,invoice number pattern; phrase 'invoice no'; word 'invoice'; phrase 'bill to / client'; word 'vendor / seller'; term 'GSTIN'; term 'Tax Id'; phrase 'date of issue'; phrase 'amount due / total summary',"{""POI"": 0.1579, ""NPO"": 0.68, ""IMA"": 0.0, ""MSI"": 0.0, ""PSI"": 0.0, ""JER"": 0.0, ""BKA"": 0.0, ""DPR"": 0.0, ""LCA"": 0.0}",SUCCESS
86,invoice_51109386.pdf,batch1_doc_086,NPO,NPO,0.68,True,rule_based,invoice number pattern; phrase 'invoice no'; word 'invoice'; phrase 'bill to / client'; word 'vendor / seller'; term 'GSTIN'; term 'Tax Id'; phrase 'date of issue'; phrase 'amount due / total summary',"{""POI"": 0.1579, ""NPO"": 0.68, ""IMA"": 0.0, ""MSI"": 0.0, ""PSI"": 0.0, ""JER"": 0.0, ""BKA"": 0.0, ""DPR"": 0.0, ""LCA"": 0.0}",SUCCESS
87,invoice_51109387.pdf,batch1_doc_087,NPO,NPO,0.68,True,rule_based,invoice number pattern; phrase 'invoice no'; word 'invoice'; phrase 'bill to / client'; word 'vendor / seller'; term 'GSTIN'; term 'Tax Id'; phrase 'date of issue'; phrase 'amount due / total summary',"{""POI"": 0.1579, ""NPO"": 0.68, ""IMA"": 0.0, ""MSI"": 0.0, ""PSI"": 0.0, ""JER"": 0.0, ""BKA"": 0.0, ""DPR"": 0.0, ""LCA"": 0.0}",SUCCESS
88,invoice_51109388.pdf,batch1_doc_088,NPO,NPO,0.68,True,rule_based,invoice number pattern; phrase 'invoice no'; word 'invoice'; phrase 'bill to / client'; word 'vendor / seller'; term 'GSTIN'; term 'Tax Id'; phrase 'date of issue'; phrase 'amount due / total summary',"{""POI"": 0.1579, ""NPO"": 0.68, ""IMA"": 0.0, ""MSI"": 0.0, ""PSI"": 0.0, ""JER"": 0.0, ""BKA"": 0.0, ""DPR"": 0.0, ""LCA"": 0.0}",SUCCESS
89,invoice_51109389.pdf,batch1_doc_089,NPO,NPO,0.68,True,rule_based,invoice number pattern; phrase 'invoice no'; word 'invoice'; phrase 'bill to / client'; word 'vendor / seller'; term 'GSTIN'; term 'Tax Id'; phrase 'date of issue'; phrase 'amount due / total summary',"{""POI"": 0.1579, ""NPO"": 0.68, ""IMA"": 0.0, ""MSI"": 0.0, ""PSI"": 0.0, ""JER"": 0.0, ""BKA"": 0.0, ""DPR"": 0.0, ""LCA"": 0.0}",SUCCESS
90,invoice_51109390.pdf,batch1_doc_090,NPO,NPO,0.68,True,rule_based,invoice number pattern; phrase 'invoice no'; word 'invoice'; phrase 'bill to / client'; word 'vendor / seller'; term 'GSTIN'; term 'Tax Id'; phrase 'date of issue'; phrase 'amount due / total summary',"{""POI"": 0.1579, ""NPO"": 0.68, ""IMA"": 0.0, ""MSI"": 0.0, ""PSI"": 0.0, ""JER"": 0.0, ""BKA"": 0.0, ""DPR"": 0.0, ""LCA"": 0.0}",SUCCESS
91,invoice_51109391.pdf,batch1_doc_091,NPO,NPO,0.68,True,rule_based,invoice number pattern; phrase 'invoice no'; word 'invoice'; phrase 'bill to / client'; word 'vendor / seller'; term 'GSTIN'; term 'Tax Id'; phrase 'date of issue'; phrase 'amount due / total summary',"{""POI"": 0.1579, ""NPO"": 0.68, ""IMA"": 0.0, ""MSI"": 0.0, ""PSI"": 0.0, ""JER"": 0.0, ""BKA"": 0.0, ""DPR"": 0.0, ""LCA"": 0.0}",SUCCESS
92,invoice_51109392.pdf,batch1_doc_092,NPO,NPO,0.68,True,rule_based,invoice number pattern; phrase 'invoice no'; word 'invoice'; phrase 'bill to / client'; word 'vendor / seller'; term 'GSTIN'; term 'Tax Id'; phrase 'date of issue'; phrase 'amount due / total summary',"{""POI"": 0.1579, ""NPO"": 0.68, ""IMA"": 0.0, ""MSI"": 0.0, ""PSI"": 0.0, ""JER"": 0.0, ""BKA"": 0.0, ""DPR"": 0.0, ""LCA"": 0.0}",SUCCESS
93,invoice_51109393.pdf,batch1_doc_093,NPO,NPO,0.68,True,rule_based,invoice number pattern; phrase 'invoice no'; word 'invoice'; phrase 'bill to / client'; word 'vendor / seller'; term 'GSTIN'; term 'Tax Id'; phrase 'date of issue'; phrase 'amount due / total summary',"{""POI"": 0.1579, ""NPO"": 0.68, ""IMA"": 0.0, ""MSI"": 0.0, ""PSI"": 0.0, ""JER"": 0.0, ""BKA"": 0.0, ""DPR"": 0.0, ""LCA"": 0.0}",SUCCESS
94,invoice_51109394.pdf,batch1_doc_094,NPO,NPO,0.68,True,rule_based,invoice number pattern; phrase 'invoice no'; word 'invoice'; phrase 'bill to / client'; word 'vendor / seller'; term 'GSTIN'; term 'Tax Id'; phrase 'date of issue'; phrase 'amount due / total summary',"{""POI"": 0.1579, ""NPO"": 0.68, ""IMA"": 0.0, ""MSI"": 0.0, ""PSI"": 0.0, ""JER"": 0.0, ""BKA"": 0.0, ""DPR"": 0.0, ""LCA"": 0.0}",SUCCESS
95,invoice_51109395.pdf,batch1_doc_095,NPO,NPO,0.68,True,rule_based,invoice number pattern; phrase 'invoice no'; word 'invoice'; phrase 'bill to / client'; word 'vendor / seller'; term 'GSTIN'; term 'Tax Id'; phrase 'date of issue'; phrase 'amount due / total summary',"{""POI"": 0.1579, ""NPO"": 0.68, ""IMA"": 0.0, ""MSI"": 0.0, ""PSI"": 0.0, ""JER"": 0.0, ""BKA"": 0.0, ""DPR"": 0.0, ""LCA"": 0.0}",SUCCESS
96,invoice_51109396.pdf,batch1_doc_096,NPO,NPO,0.68,True,rule_based,invoice number pattern; phrase 'invoice no'; word 'invoice'; phrase 'bill to / client'; word 'vendor / seller'; term 'GSTIN'; term 'Tax Id'; phrase 'date of issue'; phrase 'amount due / total summary',"{""POI"": 0.1579, ""NPO"": 0.68, ""IMA"": 0.0, ""MSI"": 0.0, ""PSI"": 0.0, ""JER"": 0.0, ""BKA"": 0.0, ""DPR"": 0.0, ""LCA"": 0.0}",SUCCESS
97,invoice_51109397.pdf,batch1_doc_097,NPO,NPO,0.68,True,rule_based,invoice number pattern; phrase 'invoice no'; word 'invoice'; phrase 'bill to / client'; word 'vendor / seller'; term 'GSTIN'; term 'Tax Id'; phrase 'date of issue'; phrase 'amount due / total summary',"{""POI"": 0.1579, ""NPO"": 0.68, ""IMA"": 0.0, ""MSI"": 0.0, ""PSI"": 0.0, ""JER"": 0.0, ""BKA"": 0.0, ""DPR"": 0.0, ""LCA"": 0.0}",SUCCESS
98,invoice_51109398.pdf,batch1_doc_098,NPO,NPO,0.68,True,rule_based,invoice number pattern; phrase 'invoice no'; word 'invoice'; phrase 'bill to / client'; word 'vendor / seller'; term 'GSTIN'; term 'Tax Id'; phrase 'date of issue'; phrase 'amount due / total summary',"{""POI"": 0.1579, ""NPO"": 0.68, ""IMA"": 0.0, ""MSI"": 0.0, ""PSI"": 0.0, ""JER"": 0.0, ""BKA"": 0.0, ""DPR"": 0.0, ""LCA"": 0.0}",SUCCESS
99,invoice_51109399.pdf,batch1_doc_099,NPO,NPO,0.68,True,rule_based,invoice number pattern; phrase 'invoice no'; word 'invoice'; phrase 'bill to / client'; word 'vendor / seller'; term 'GSTIN'; term 'Tax Id'; phrase 'date of issue'; phrase 'amount due / total summary',"{""POI"": 0.1579, ""NPO"": 0.68, ""IMA"": 0.0, ""MSI"": 0.0, ""PSI"": 0.0, ""JER"": 0.0, ""BKA"": 0.0, ""DPR"": 0.0, ""LCA"": 0.0}",SUCCESS
100,invoice_51109400.pdf,batch1_doc_100,NPO,NPO,0.68,True,rule_based,invoice number pattern; phrase 'invoice no'; word 'invoice'; phrase 'bill to / client'; word 'vendor / seller'; term 'GSTIN'; term 'Tax Id'; phrase 'date of issue'; phrase 'amount due / total summary',"{""POI"": 0.1579, ""NPO"": 0.68, ""IMA"": 0.0, ""MSI"": 0.0, ""PSI"": 0.0, ""JER"": 0.0, ""BKA"": 0.0, ""DPR"": 0.0, ""LCA"": 0.0}",SUCCESS
