source_dataset,filename,document_type_ground_truth,ground_truth_basis,input_type,page_count,ocr_status,ocr_text_length,predicted_type,confidence,correct,matched_signals,signal_count,scores_by_type,notes
INV-CDIP / EFDI Standard Commercial PO Template,poi_invoice_001.pdf,POI,"FACT: Explicit PO-based vendor invoice with PO Number, Tax Invoice header, and GRN reference",PDF,1,SUCCESS,710,POI,0.8158,True,phrase 'purchase order'; PO number pattern; invoice number pattern; phrase 'invoice number'; word 'invoice'; term 'GRN'; vendor/seller indicator; bill to/client indicator; phrase 'tax invoice'; term 'GSTIN',10,"{""POI"": 0.8158, ""NPO"": 0.28, ""IMA"": 0.0, ""MSI"": 0.05, ""PSI"": 0.0526, ""JER"": 0.0, ""BKA"": 0.0, ""DPR"": 0.0, ""LCA"": 0.0}",Raw top score: 0.8158
INV-CDIP / EFDI Standard Commercial PO Template,poi_invoice_002.pdf,POI,"FACT: Explicit PO-based vendor invoice with PO Number, Tax Invoice header, and GRN reference",PDF,1,SUCCESS,706,POI,0.8158,True,phrase 'purchase order'; PO number pattern; invoice number pattern; phrase 'invoice number'; word 'invoice'; term 'GRN'; vendor/seller indicator; bill to/client indicator; phrase 'tax invoice'; term 'GSTIN',10,"{""POI"": 0.8158, ""NPO"": 0.28, ""IMA"": 0.0, ""MSI"": 0.05, ""PSI"": 0.0526, ""JER"": 0.0, ""BKA"": 0.0, ""DPR"": 0.0, ""LCA"": 0.0}",Raw top score: 0.8158
INV-CDIP / EFDI Standard Commercial PO Template,poi_invoice_003.pdf,POI,"FACT: Explicit PO-based vendor invoice with PO Number, Tax Invoice header, and GRN reference",PDF,1,SUCCESS,701,POI,0.8158,True,phrase 'purchase order'; PO number pattern; invoice number pattern; phrase 'invoice number'; word 'invoice'; term 'GRN'; vendor/seller indicator; bill to/client indicator; phrase 'tax invoice'; term 'GSTIN',10,"{""POI"": 0.8158, ""NPO"": 0.28, ""IMA"": 0.0, ""MSI"": 0.05, ""PSI"": 0.0526, ""JER"": 0.0, ""BKA"": 0.0, ""DPR"": 0.0, ""LCA"": 0.0}",Raw top score: 0.8158
INV-CDIP / EFDI Standard Commercial PO Template,poi_invoice_004.pdf,POI,"FACT: Explicit PO-based vendor invoice with PO Number, Tax Invoice header, and GRN reference",PDF,1,SUCCESS,708,POI,0.8158,True,phrase 'purchase order'; PO number pattern; invoice number pattern; phrase 'invoice number'; word 'invoice'; term 'GRN'; vendor/seller indicator; bill to/client indicator; phrase 'tax invoice'; term 'GSTIN',10,"{""POI"": 0.8158, ""NPO"": 0.28, ""IMA"": 0.0, ""MSI"": 0.05, ""PSI"": 0.0526, ""JER"": 0.0, ""BKA"": 0.0, ""DPR"": 0.0, ""LCA"": 0.0}",Raw top score: 0.8158
INV-CDIP / EFDI Standard Commercial PO Template,poi_invoice_005.pdf,POI,"FACT: Explicit PO-based vendor invoice with PO Number, Tax Invoice header, and GRN reference",PDF,1,SUCCESS,713,POI,0.8158,True,phrase 'purchase order'; PO number pattern; invoice number pattern; phrase 'invoice number'; word 'invoice'; term 'GRN'; vendor/seller indicator; bill to/client indicator; phrase 'tax invoice'; term 'GSTIN',10,"{""POI"": 0.8158, ""NPO"": 0.28, ""IMA"": 0.0, ""MSI"": 0.05, ""PSI"": 0.0526, ""JER"": 0.0, ""BKA"": 0.0, ""DPR"": 0.0, ""LCA"": 0.0}",Raw top score: 0.8158
INV-CDIP / EFDI Standard Commercial PO Template,poi_invoice_006.pdf,POI,"FACT: Explicit PO-based vendor invoice with PO Number, Tax Invoice header, and GRN reference",PDF,1,SUCCESS,702,POI,0.8158,True,phrase 'purchase order'; PO number pattern; invoice number pattern; phrase 'invoice number'; word 'invoice'; term 'GRN'; vendor/seller indicator; bill to/client indicator; phrase 'tax invoice'; term 'GSTIN',10,"{""POI"": 0.8158, ""NPO"": 0.28, ""IMA"": 0.0, ""MSI"": 0.05, ""PSI"": 0.0526, ""JER"": 0.0, ""BKA"": 0.0, ""DPR"": 0.0, ""LCA"": 0.0}",Raw top score: 0.8158
INV-CDIP / EFDI Standard Commercial PO Template,poi_invoice_007.pdf,POI,"FACT: Explicit PO-based vendor invoice with PO Number, Tax Invoice header, and GRN reference",PDF,1,SUCCESS,709,POI,0.8158,True,phrase 'purchase order'; PO number pattern; invoice number pattern; phrase 'invoice number'; word 'invoice'; term 'GRN'; vendor/seller indicator; bill to/client indicator; phrase 'tax invoice'; term 'GSTIN',10,"{""POI"": 0.8158, ""NPO"": 0.28, ""IMA"": 0.0, ""MSI"": 0.05, ""PSI"": 0.0526, ""JER"": 0.0, ""BKA"": 0.0, ""DPR"": 0.0, ""LCA"": 0.0}",Raw top score: 0.8158
INV-CDIP / EFDI Standard Commercial PO Template,poi_invoice_008.pdf,POI,"FACT: Explicit PO-based vendor invoice with PO Number, Tax Invoice header, and GRN reference",PDF,1,SUCCESS,694,POI,0.8158,True,phrase 'purchase order'; PO number pattern; invoice number pattern; phrase 'invoice number'; word 'invoice'; term 'GRN'; vendor/seller indicator; bill to/client indicator; phrase 'tax invoice'; term 'GSTIN',10,"{""POI"": 0.8158, ""NPO"": 0.28, ""IMA"": 0.0, ""MSI"": 0.05, ""PSI"": 0.0526, ""JER"": 0.0, ""BKA"": 0.0, ""DPR"": 0.0, ""LCA"": 0.0}",Raw top score: 0.8158
INV-CDIP / EFDI Standard Commercial PO Template,poi_invoice_009.pdf,POI,"FACT: Explicit PO-based vendor invoice with PO Number, Tax Invoice header, and GRN reference",PDF,1,SUCCESS,705,POI,0.8158,True,phrase 'purchase order'; PO number pattern; invoice number pattern; phrase 'invoice number'; word 'invoice'; term 'GRN'; vendor/seller indicator; bill to/client indicator; phrase 'tax invoice'; term 'GSTIN',10,"{""POI"": 0.8158, ""NPO"": 0.28, ""IMA"": 0.0, ""MSI"": 0.05, ""PSI"": 0.0526, ""JER"": 0.0, ""BKA"": 0.0, ""DPR"": 0.0, ""LCA"": 0.0}",Raw top score: 0.8158
INV-CDIP / EFDI Standard Commercial PO Template,poi_invoice_010.pdf,POI,"FACT: Explicit PO-based vendor invoice with PO Number, Tax Invoice header, and GRN reference",PDF,1,SUCCESS,709,POI,0.8158,True,phrase 'purchase order'; PO number pattern; invoice number pattern; phrase 'invoice number'; word 'invoice'; term 'GRN'; vendor/seller indicator; bill to/client indicator; phrase 'tax invoice'; term 'GSTIN',10,"{""POI"": 0.8158, ""NPO"": 0.28, ""IMA"": 0.0, ""MSI"": 0.05, ""PSI"": 0.0526, ""JER"": 0.0, ""BKA"": 0.0, ""DPR"": 0.0, ""LCA"": 0.0}",Raw top score: 0.8158
INV-CDIP / EFDI Standard Commercial PO Template,poi_invoice_011.pdf,POI,"FACT: Explicit PO-based vendor invoice with PO Number, Tax Invoice header, and GRN reference",PDF,1,SUCCESS,711,POI,0.8158,True,phrase 'purchase order'; PO number pattern; invoice number pattern; phrase 'invoice number'; word 'invoice'; term 'GRN'; vendor/seller indicator; bill to/client indicator; phrase 'tax invoice'; term 'GSTIN',10,"{""POI"": 0.8158, ""NPO"": 0.28, ""IMA"": 0.0, ""MSI"": 0.05, ""PSI"": 0.0526, ""JER"": 0.0, ""BKA"": 0.0, ""DPR"": 0.0, ""LCA"": 0.0}",Raw top score: 0.8158
INV-CDIP / EFDI Standard Commercial PO Template,poi_invoice_012.pdf,POI,"FACT: Explicit PO-based vendor invoice with PO Number, Tax Invoice header, and GRN reference",PDF,1,SUCCESS,701,POI,0.8158,True,phrase 'purchase order'; PO number pattern; invoice number pattern; phrase 'invoice number'; word 'invoice'; term 'GRN'; vendor/seller indicator; bill to/client indicator; phrase 'tax invoice'; term 'GSTIN',10,"{""POI"": 0.8158, ""NPO"": 0.28, ""IMA"": 0.0, ""MSI"": 0.05, ""PSI"": 0.0526, ""JER"": 0.0, ""BKA"": 0.0, ""DPR"": 0.0, ""LCA"": 0.0}",Raw top score: 0.8158
INV-CDIP / EFDI Standard Commercial PO Template,poi_invoice_013.pdf,POI,"FACT: Explicit PO-based vendor invoice with PO Number, Tax Invoice header, and GRN reference",PDF,1,SUCCESS,709,POI,0.8158,True,phrase 'purchase order'; PO number pattern; invoice number pattern; phrase 'invoice number'; word 'invoice'; term 'GRN'; vendor/seller indicator; bill to/client indicator; phrase 'tax invoice'; term 'GSTIN',10,"{""POI"": 0.8158, ""NPO"": 0.28, ""IMA"": 0.0, ""MSI"": 0.05, ""PSI"": 0.0526, ""JER"": 0.0, ""BKA"": 0.0, ""DPR"": 0.0, ""LCA"": 0.0}",Raw top score: 0.8158
INV-CDIP / EFDI Standard Commercial PO Template,poi_invoice_014.pdf,POI,"FACT: Explicit PO-based vendor invoice with PO Number, Tax Invoice header, and GRN reference",PDF,1,SUCCESS,705,POI,0.8158,True,phrase 'purchase order'; PO number pattern; invoice number pattern; phrase 'invoice number'; word 'invoice'; term 'GRN'; vendor/seller indicator; bill to/client indicator; phrase 'tax invoice'; term 'GSTIN',10,"{""POI"": 0.8158, ""NPO"": 0.28, ""IMA"": 0.0, ""MSI"": 0.05, ""PSI"": 0.0526, ""JER"": 0.0, ""BKA"": 0.0, ""DPR"": 0.0, ""LCA"": 0.0}",Raw top score: 0.8158
INV-CDIP / EFDI Standard Commercial PO Template,poi_invoice_015.pdf,POI,"FACT: Explicit PO-based vendor invoice with PO Number, Tax Invoice header, and GRN reference",PDF,1,SUCCESS,703,POI,0.8158,True,phrase 'purchase order'; PO number pattern; invoice number pattern; phrase 'invoice number'; word 'invoice'; term 'GRN'; vendor/seller indicator; bill to/client indicator; phrase 'tax invoice'; term 'GSTIN',10,"{""POI"": 0.8158, ""NPO"": 0.28, ""IMA"": 0.0, ""MSI"": 0.05, ""PSI"": 0.0526, ""JER"": 0.0, ""BKA"": 0.0, ""DPR"": 0.0, ""LCA"": 0.0}",Raw top score: 0.8158
INV-CDIP / EFDI Standard Commercial PO Template,poi_invoice_016.pdf,POI,"FACT: Explicit PO-based vendor invoice with PO Number, Tax Invoice header, and GRN reference",PDF,1,SUCCESS,702,POI,0.8158,True,phrase 'purchase order'; PO number pattern; invoice number pattern; phrase 'invoice number'; word 'invoice'; term 'GRN'; vendor/seller indicator; bill to/client indicator; phrase 'tax invoice'; term 'GSTIN',10,"{""POI"": 0.8158, ""NPO"": 0.28, ""IMA"": 0.0, ""MSI"": 0.05, ""PSI"": 0.0526, ""JER"": 0.0, ""BKA"": 0.0, ""DPR"": 0.0, ""LCA"": 0.0}",Raw top score: 0.8158
INV-CDIP / EFDI Standard Commercial PO Template,poi_invoice_017.pdf,POI,"FACT: Explicit PO-based vendor invoice with PO Number, Tax Invoice header, and GRN reference",PDF,1,SUCCESS,710,POI,0.8158,True,phrase 'purchase order'; PO number pattern; invoice number pattern; phrase 'invoice number'; word 'invoice'; term 'GRN'; vendor/seller indicator; bill to/client indicator; phrase 'tax invoice'; term 'GSTIN',10,"{""POI"": 0.8158, ""NPO"": 0.28, ""IMA"": 0.0, ""MSI"": 0.05, ""PSI"": 0.0526, ""JER"": 0.0, ""BKA"": 0.0, ""DPR"": 0.0, ""LCA"": 0.0}",Raw top score: 0.8158
INV-CDIP / EFDI Standard Commercial PO Template,poi_invoice_018.pdf,POI,"FACT: Explicit PO-based vendor invoice with PO Number, Tax Invoice header, and GRN reference",PDF,1,SUCCESS,700,POI,0.8158,True,phrase 'purchase order'; PO number pattern; invoice number pattern; phrase 'invoice number'; word 'invoice'; term 'GRN'; vendor/seller indicator; bill to/client indicator; phrase 'tax invoice'; term 'GSTIN',10,"{""POI"": 0.8158, ""NPO"": 0.28, ""IMA"": 0.0, ""MSI"": 0.05, ""PSI"": 0.0526, ""JER"": 0.0, ""BKA"": 0.0, ""DPR"": 0.0, ""LCA"": 0.0}",Raw top score: 0.8158
INV-CDIP / EFDI Standard Commercial PO Template,poi_invoice_019.pdf,POI,"FACT: Explicit PO-based vendor invoice with PO Number, Tax Invoice header, and GRN reference",PDF,1,SUCCESS,708,POI,0.8158,True,phrase 'purchase order'; PO number pattern; invoice number pattern; phrase 'invoice number'; word 'invoice'; term 'GRN'; vendor/seller indicator; bill to/client indicator; phrase 'tax invoice'; term 'GSTIN',10,"{""POI"": 0.8158, ""NPO"": 0.28, ""IMA"": 0.0, ""MSI"": 0.05, ""PSI"": 0.0526, ""JER"": 0.0, ""BKA"": 0.0, ""DPR"": 0.0, ""LCA"": 0.0}",Raw top score: 0.8158
INV-CDIP / EFDI Standard Commercial PO Template,poi_invoice_020.pdf,POI,"FACT: Explicit PO-based vendor invoice with PO Number, Tax Invoice header, and GRN reference",PDF,1,SUCCESS,706,POI,0.8158,True,phrase 'purchase order'; PO number pattern; invoice number pattern; phrase 'invoice number'; word 'invoice'; term 'GRN'; vendor/seller indicator; bill to/client indicator; phrase 'tax invoice'; term 'GSTIN',10,"{""POI"": 0.8158, ""NPO"": 0.28, ""IMA"": 0.0, ""MSI"": 0.05, ""PSI"": 0.0526, ""JER"": 0.0, ""BKA"": 0.0, ""DPR"": 0.0, ""LCA"": 0.0}",Raw top score: 0.8158
INV-CDIP / EFDI Standard Commercial PO Template,poi_invoice_021.pdf,POI,"FACT: Explicit PO-based vendor invoice with PO Number, Tax Invoice header, and GRN reference",PDF,1,SUCCESS,715,POI,0.8158,True,phrase 'purchase order'; PO number pattern; invoice number pattern; phrase 'invoice number'; word 'invoice'; term 'GRN'; vendor/seller indicator; bill to/client indicator; phrase 'tax invoice'; term 'GSTIN',10,"{""POI"": 0.8158, ""NPO"": 0.28, ""IMA"": 0.0, ""MSI"": 0.05, ""PSI"": 0.0526, ""JER"": 0.0, ""BKA"": 0.0, ""DPR"": 0.0, ""LCA"": 0.0}",Raw top score: 0.8158
INV-CDIP / EFDI Standard Commercial PO Template,poi_invoice_022.pdf,POI,"FACT: Explicit PO-based vendor invoice with PO Number, Tax Invoice header, and GRN reference",PDF,1,SUCCESS,700,POI,0.8158,True,phrase 'purchase order'; PO number pattern; invoice number pattern; phrase 'invoice number'; word 'invoice'; term 'GRN'; vendor/seller indicator; bill to/client indicator; phrase 'tax invoice'; term 'GSTIN',10,"{""POI"": 0.8158, ""NPO"": 0.28, ""IMA"": 0.0, ""MSI"": 0.05, ""PSI"": 0.0526, ""JER"": 0.0, ""BKA"": 0.0, ""DPR"": 0.0, ""LCA"": 0.0}",Raw top score: 0.8158
INV-CDIP / EFDI Standard Commercial PO Template,poi_invoice_023.pdf,POI,"FACT: Explicit PO-based vendor invoice with PO Number, Tax Invoice header, and GRN reference",PDF,1,SUCCESS,701,POI,0.8158,True,phrase 'purchase order'; PO number pattern; invoice number pattern; phrase 'invoice number'; word 'invoice'; term 'GRN'; vendor/seller indicator; bill to/client indicator; phrase 'tax invoice'; term 'GSTIN',10,"{""POI"": 0.8158, ""NPO"": 0.28, ""IMA"": 0.0, ""MSI"": 0.05, ""PSI"": 0.0526, ""JER"": 0.0, ""BKA"": 0.0, ""DPR"": 0.0, ""LCA"": 0.0}",Raw top score: 0.8158
INV-CDIP / EFDI Standard Commercial PO Template,poi_invoice_024.pdf,POI,"FACT: Explicit PO-based vendor invoice with PO Number, Tax Invoice header, and GRN reference",PDF,1,SUCCESS,701,POI,0.8158,True,phrase 'purchase order'; PO number pattern; invoice number pattern; phrase 'invoice number'; word 'invoice'; term 'GRN'; vendor/seller indicator; bill to/client indicator; phrase 'tax invoice'; term 'GSTIN',10,"{""POI"": 0.8158, ""NPO"": 0.28, ""IMA"": 0.0, ""MSI"": 0.05, ""PSI"": 0.0526, ""JER"": 0.0, ""BKA"": 0.0, ""DPR"": 0.0, ""LCA"": 0.0}",Raw top score: 0.8158
INV-CDIP / EFDI Standard Commercial PO Template,poi_invoice_025.pdf,POI,"FACT: Explicit PO-based vendor invoice with PO Number, Tax Invoice header, and GRN reference",PDF,1,SUCCESS,706,POI,0.8158,True,phrase 'purchase order'; PO number pattern; invoice number pattern; phrase 'invoice number'; word 'invoice'; term 'GRN'; vendor/seller indicator; bill to/client indicator; phrase 'tax invoice'; term 'GSTIN',10,"{""POI"": 0.8158, ""NPO"": 0.28, ""IMA"": 0.0, ""MSI"": 0.05, ""PSI"": 0.0526, ""JER"": 0.0, ""BKA"": 0.0, ""DPR"": 0.0, ""LCA"": 0.0}",Raw top score: 0.8158
INV-CDIP / EFDI Standard Commercial PO Template,poi_invoice_026.pdf,POI,"FACT: Explicit PO-based vendor invoice with PO Number, Tax Invoice header, and GRN reference",PDF,1,SUCCESS,710,POI,0.8158,True,phrase 'purchase order'; PO number pattern; invoice number pattern; phrase 'invoice number'; word 'invoice'; term 'GRN'; vendor/seller indicator; bill to/client indicator; phrase 'tax invoice'; term 'GSTIN',10,"{""POI"": 0.8158, ""NPO"": 0.28, ""IMA"": 0.0, ""MSI"": 0.05, ""PSI"": 0.0526, ""JER"": 0.0, ""BKA"": 0.0, ""DPR"": 0.0, ""LCA"": 0.0}",Raw top score: 0.8158
INV-CDIP / EFDI Standard Commercial PO Template,poi_invoice_027.pdf,POI,"FACT: Explicit PO-based vendor invoice with PO Number, Tax Invoice header, and GRN reference",PDF,1,SUCCESS,709,POI,0.8158,True,phrase 'purchase order'; PO number pattern; invoice number pattern; phrase 'invoice number'; word 'invoice'; term 'GRN'; vendor/seller indicator; bill to/client indicator; phrase 'tax invoice'; term 'GSTIN',10,"{""POI"": 0.8158, ""NPO"": 0.28, ""IMA"": 0.0, ""MSI"": 0.05, ""PSI"": 0.0526, ""JER"": 0.0, ""BKA"": 0.0, ""DPR"": 0.0, ""LCA"": 0.0}",Raw top score: 0.8158
INV-CDIP / EFDI Standard Commercial PO Template,poi_invoice_028.pdf,POI,"FACT: Explicit PO-based vendor invoice with PO Number, Tax Invoice header, and GRN reference",PDF,1,SUCCESS,699,POI,0.8158,True,phrase 'purchase order'; PO number pattern; invoice number pattern; phrase 'invoice number'; word 'invoice'; term 'GRN'; vendor/seller indicator; bill to/client indicator; phrase 'tax invoice'; term 'GSTIN',10,"{""POI"": 0.8158, ""NPO"": 0.28, ""IMA"": 0.0, ""MSI"": 0.05, ""PSI"": 0.0526, ""JER"": 0.0, ""BKA"": 0.0, ""DPR"": 0.0, ""LCA"": 0.0}",Raw top score: 0.8158
INV-CDIP / EFDI Standard Commercial PO Template,poi_invoice_029.pdf,POI,"FACT: Explicit PO-based vendor invoice with PO Number, Tax Invoice header, and GRN reference",PDF,1,SUCCESS,714,POI,0.8158,True,phrase 'purchase order'; PO number pattern; invoice number pattern; phrase 'invoice number'; word 'invoice'; term 'GRN'; vendor/seller indicator; bill to/client indicator; phrase 'tax invoice'; term 'GSTIN',10,"{""POI"": 0.8158, ""NPO"": 0.28, ""IMA"": 0.0, ""MSI"": 0.05, ""PSI"": 0.0526, ""JER"": 0.0, ""BKA"": 0.0, ""DPR"": 0.0, ""LCA"": 0.0}",Raw top score: 0.8158
INV-CDIP / EFDI Standard Commercial PO Template,poi_invoice_030.pdf,POI,"FACT: Explicit PO-based vendor invoice with PO Number, Tax Invoice header, and GRN reference",PDF,1,SUCCESS,701,POI,0.8158,True,phrase 'purchase order'; PO number pattern; invoice number pattern; phrase 'invoice number'; word 'invoice'; term 'GRN'; vendor/seller indicator; bill to/client indicator; phrase 'tax invoice'; term 'GSTIN',10,"{""POI"": 0.8158, ""NPO"": 0.28, ""IMA"": 0.0, ""MSI"": 0.05, ""PSI"": 0.0526, ""JER"": 0.0, ""BKA"": 0.0, ""DPR"": 0.0, ""LCA"": 0.0}",Raw top score: 0.8158
INV-CDIP / EFDI Standard Commercial PO Template,poi_invoice_031.pdf,POI,"FACT: Explicit PO-based vendor invoice with PO Number, Tax Invoice header, and GRN reference",PDF,1,SUCCESS,709,POI,0.8158,True,phrase 'purchase order'; PO number pattern; invoice number pattern; phrase 'invoice number'; word 'invoice'; term 'GRN'; vendor/seller indicator; bill to/client indicator; phrase 'tax invoice'; term 'GSTIN',10,"{""POI"": 0.8158, ""NPO"": 0.28, ""IMA"": 0.0, ""MSI"": 0.05, ""PSI"": 0.0526, ""JER"": 0.0, ""BKA"": 0.0, ""DPR"": 0.0, ""LCA"": 0.0}",Raw top score: 0.8158
INV-CDIP / EFDI Standard Commercial PO Template,poi_invoice_032.pdf,POI,"FACT: Explicit PO-based vendor invoice with PO Number, Tax Invoice header, and GRN reference",PDF,1,SUCCESS,698,POI,0.8158,True,phrase 'purchase order'; PO number pattern; invoice number pattern; phrase 'invoice number'; word 'invoice'; term 'GRN'; vendor/seller indicator; bill to/client indicator; phrase 'tax invoice'; term 'GSTIN',10,"{""POI"": 0.8158, ""NPO"": 0.28, ""IMA"": 0.0, ""MSI"": 0.05, ""PSI"": 0.0526, ""JER"": 0.0, ""BKA"": 0.0, ""DPR"": 0.0, ""LCA"": 0.0}",Raw top score: 0.8158
INV-CDIP / EFDI Standard Commercial PO Template,poi_invoice_033.pdf,POI,"FACT: Explicit PO-based vendor invoice with PO Number, Tax Invoice header, and GRN reference",PDF,1,SUCCESS,700,POI,0.8158,True,phrase 'purchase order'; PO number pattern; invoice number pattern; phrase 'invoice number'; word 'invoice'; term 'GRN'; vendor/seller indicator; bill to/client indicator; phrase 'tax invoice'; term 'GSTIN',10,"{""POI"": 0.8158, ""NPO"": 0.28, ""IMA"": 0.0, ""MSI"": 0.05, ""PSI"": 0.0526, ""JER"": 0.0, ""BKA"": 0.0, ""DPR"": 0.0, ""LCA"": 0.0}",Raw top score: 0.8158
INV-CDIP / EFDI Standard Commercial PO Template,poi_invoice_034.pdf,POI,"FACT: Explicit PO-based vendor invoice with PO Number, Tax Invoice header, and GRN reference",PDF,1,SUCCESS,711,POI,0.8158,True,phrase 'purchase order'; PO number pattern; invoice number pattern; phrase 'invoice number'; word 'invoice'; term 'GRN'; vendor/seller indicator; bill to/client indicator; phrase 'tax invoice'; term 'GSTIN',10,"{""POI"": 0.8158, ""NPO"": 0.28, ""IMA"": 0.0, ""MSI"": 0.05, ""PSI"": 0.0526, ""JER"": 0.0, ""BKA"": 0.0, ""DPR"": 0.0, ""LCA"": 0.0}",Raw top score: 0.8158
INV-CDIP / EFDI Standard Commercial PO Template,poi_invoice_035.pdf,POI,"FACT: Explicit PO-based vendor invoice with PO Number, Tax Invoice header, and GRN reference",PDF,1,SUCCESS,707,POI,0.8158,True,phrase 'purchase order'; PO number pattern; invoice number pattern; phrase 'invoice number'; word 'invoice'; term 'GRN'; vendor/seller indicator; bill to/client indicator; phrase 'tax invoice'; term 'GSTIN',10,"{""POI"": 0.8158, ""NPO"": 0.28, ""IMA"": 0.0, ""MSI"": 0.05, ""PSI"": 0.0526, ""JER"": 0.0, ""BKA"": 0.0, ""DPR"": 0.0, ""LCA"": 0.0}",Raw top score: 0.8158
INV-CDIP / EFDI Standard Commercial PO Template,poi_invoice_036.pdf,POI,"FACT: Explicit PO-based vendor invoice with PO Number, Tax Invoice header, and GRN reference",PDF,1,SUCCESS,705,POI,0.8158,True,phrase 'purchase order'; PO number pattern; invoice number pattern; phrase 'invoice number'; word 'invoice'; term 'GRN'; vendor/seller indicator; bill to/client indicator; phrase 'tax invoice'; term 'GSTIN',10,"{""POI"": 0.8158, ""NPO"": 0.28, ""IMA"": 0.0, ""MSI"": 0.05, ""PSI"": 0.0526, ""JER"": 0.0, ""BKA"": 0.0, ""DPR"": 0.0, ""LCA"": 0.0}",Raw top score: 0.8158
INV-CDIP / EFDI Standard Commercial PO Template,poi_invoice_037.pdf,POI,"FACT: Explicit PO-based vendor invoice with PO Number, Tax Invoice header, and GRN reference",PDF,1,SUCCESS,717,POI,0.8158,True,phrase 'purchase order'; PO number pattern; invoice number pattern; phrase 'invoice number'; word 'invoice'; term 'GRN'; vendor/seller indicator; bill to/client indicator; phrase 'tax invoice'; term 'GSTIN',10,"{""POI"": 0.8158, ""NPO"": 0.28, ""IMA"": 0.0, ""MSI"": 0.05, ""PSI"": 0.0526, ""JER"": 0.0, ""BKA"": 0.0, ""DPR"": 0.0, ""LCA"": 0.0}",Raw top score: 0.8158
INV-CDIP / EFDI Standard Commercial PO Template,poi_invoice_038.pdf,POI,"FACT: Explicit PO-based vendor invoice with PO Number, Tax Invoice header, and GRN reference",PDF,1,SUCCESS,696,POI,0.8158,True,phrase 'purchase order'; PO number pattern; invoice number pattern; phrase 'invoice number'; word 'invoice'; term 'GRN'; vendor/seller indicator; bill to/client indicator; phrase 'tax invoice'; term 'GSTIN',10,"{""POI"": 0.8158, ""NPO"": 0.28, ""IMA"": 0.0, ""MSI"": 0.05, ""PSI"": 0.0526, ""JER"": 0.0, ""BKA"": 0.0, ""DPR"": 0.0, ""LCA"": 0.0}",Raw top score: 0.8158
INV-CDIP / EFDI Standard Commercial PO Template,poi_invoice_039.pdf,POI,"FACT: Explicit PO-based vendor invoice with PO Number, Tax Invoice header, and GRN reference",PDF,1,SUCCESS,704,POI,0.8158,True,phrase 'purchase order'; PO number pattern; invoice number pattern; phrase 'invoice number'; word 'invoice'; term 'GRN'; vendor/seller indicator; bill to/client indicator; phrase 'tax invoice'; term 'GSTIN',10,"{""POI"": 0.8158, ""NPO"": 0.28, ""IMA"": 0.0, ""MSI"": 0.05, ""PSI"": 0.0526, ""JER"": 0.0, ""BKA"": 0.0, ""DPR"": 0.0, ""LCA"": 0.0}",Raw top score: 0.8158
INV-CDIP / EFDI Standard Commercial PO Template,poi_invoice_040.pdf,POI,"FACT: Explicit PO-based vendor invoice with PO Number, Tax Invoice header, and GRN reference",PDF,1,SUCCESS,701,POI,0.8158,True,phrase 'purchase order'; PO number pattern; invoice number pattern; phrase 'invoice number'; word 'invoice'; term 'GRN'; vendor/seller indicator; bill to/client indicator; phrase 'tax invoice'; term 'GSTIN',10,"{""POI"": 0.8158, ""NPO"": 0.28, ""IMA"": 0.0, ""MSI"": 0.05, ""PSI"": 0.0526, ""JER"": 0.0, ""BKA"": 0.0, ""DPR"": 0.0, ""LCA"": 0.0}",Raw top score: 0.8158
INV-CDIP / EFDI Standard Commercial PO Template,poi_invoice_041.pdf,POI,"FACT: Explicit PO-based vendor invoice with PO Number, Tax Invoice header, and GRN reference",PDF,1,SUCCESS,710,POI,0.8158,True,phrase 'purchase order'; PO number pattern; invoice number pattern; phrase 'invoice number'; word 'invoice'; term 'GRN'; vendor/seller indicator; bill to/client indicator; phrase 'tax invoice'; term 'GSTIN',10,"{""POI"": 0.8158, ""NPO"": 0.28, ""IMA"": 0.0, ""MSI"": 0.05, ""PSI"": 0.0526, ""JER"": 0.0, ""BKA"": 0.0, ""DPR"": 0.0, ""LCA"": 0.0}",Raw top score: 0.8158
INV-CDIP / EFDI Standard Commercial PO Template,poi_invoice_042.pdf,POI,"FACT: Explicit PO-based vendor invoice with PO Number, Tax Invoice header, and GRN reference",PDF,1,SUCCESS,704,POI,0.8158,True,phrase 'purchase order'; PO number pattern; invoice number pattern; phrase 'invoice number'; word 'invoice'; term 'GRN'; vendor/seller indicator; bill to/client indicator; phrase 'tax invoice'; term 'GSTIN',10,"{""POI"": 0.8158, ""NPO"": 0.28, ""IMA"": 0.0, ""MSI"": 0.05, ""PSI"": 0.0526, ""JER"": 0.0, ""BKA"": 0.0, ""DPR"": 0.0, ""LCA"": 0.0}",Raw top score: 0.8158
INV-CDIP / EFDI Standard Commercial PO Template,poi_invoice_043.pdf,POI,"FACT: Explicit PO-based vendor invoice with PO Number, Tax Invoice header, and GRN reference",PDF,1,SUCCESS,703,POI,0.8158,True,phrase 'purchase order'; PO number pattern; invoice number pattern; phrase 'invoice number'; word 'invoice'; term 'GRN'; vendor/seller indicator; bill to/client indicator; phrase 'tax invoice'; term 'GSTIN',10,"{""POI"": 0.8158, ""NPO"": 0.28, ""IMA"": 0.0, ""MSI"": 0.05, ""PSI"": 0.0526, ""JER"": 0.0, ""BKA"": 0.0, ""DPR"": 0.0, ""LCA"": 0.0}",Raw top score: 0.8158
INV-CDIP / EFDI Standard Commercial PO Template,poi_invoice_044.pdf,POI,"FACT: Explicit PO-based vendor invoice with PO Number, Tax Invoice header, and GRN reference",PDF,1,SUCCESS,708,POI,0.8158,True,phrase 'purchase order'; PO number pattern; invoice number pattern; phrase 'invoice number'; word 'invoice'; term 'GRN'; vendor/seller indicator; bill to/client indicator; phrase 'tax invoice'; term 'GSTIN',10,"{""POI"": 0.8158, ""NPO"": 0.28, ""IMA"": 0.0, ""MSI"": 0.05, ""PSI"": 0.0526, ""JER"": 0.0, ""BKA"": 0.0, ""DPR"": 0.0, ""LCA"": 0.0}",Raw top score: 0.8158
INV-CDIP / EFDI Standard Commercial PO Template,poi_invoice_045.pdf,POI,"FACT: Explicit PO-based vendor invoice with PO Number, Tax Invoice header, and GRN reference",PDF,1,SUCCESS,711,POI,0.8158,True,phrase 'purchase order'; PO number pattern; invoice number pattern; phrase 'invoice number'; word 'invoice'; term 'GRN'; vendor/seller indicator; bill to/client indicator; phrase 'tax invoice'; term 'GSTIN',10,"{""POI"": 0.8158, ""NPO"": 0.28, ""IMA"": 0.0, ""MSI"": 0.05, ""PSI"": 0.0526, ""JER"": 0.0, ""BKA"": 0.0, ""DPR"": 0.0, ""LCA"": 0.0}",Raw top score: 0.8158
INV-CDIP / EFDI Standard Commercial PO Template,poi_invoice_046.pdf,POI,"FACT: Explicit PO-based vendor invoice with PO Number, Tax Invoice header, and GRN reference",PDF,1,SUCCESS,704,POI,0.8158,True,phrase 'purchase order'; PO number pattern; invoice number pattern; phrase 'invoice number'; word 'invoice'; term 'GRN'; vendor/seller indicator; bill to/client indicator; phrase 'tax invoice'; term 'GSTIN',10,"{""POI"": 0.8158, ""NPO"": 0.28, ""IMA"": 0.0, ""MSI"": 0.05, ""PSI"": 0.0526, ""JER"": 0.0, ""BKA"": 0.0, ""DPR"": 0.0, ""LCA"": 0.0}",Raw top score: 0.8158
INV-CDIP / EFDI Standard Commercial PO Template,poi_invoice_047.pdf,POI,"FACT: Explicit PO-based vendor invoice with PO Number, Tax Invoice header, and GRN reference",PDF,1,SUCCESS,709,POI,0.8158,True,phrase 'purchase order'; PO number pattern; invoice number pattern; phrase 'invoice number'; word 'invoice'; term 'GRN'; vendor/seller indicator; bill to/client indicator; phrase 'tax invoice'; term 'GSTIN',10,"{""POI"": 0.8158, ""NPO"": 0.28, ""IMA"": 0.0, ""MSI"": 0.05, ""PSI"": 0.0526, ""JER"": 0.0, ""BKA"": 0.0, ""DPR"": 0.0, ""LCA"": 0.0}",Raw top score: 0.8158
INV-CDIP / EFDI Standard Commercial PO Template,poi_invoice_048.pdf,POI,"FACT: Explicit PO-based vendor invoice with PO Number, Tax Invoice header, and GRN reference",PDF,1,SUCCESS,692,POI,0.8158,True,phrase 'purchase order'; PO number pattern; invoice number pattern; phrase 'invoice number'; word 'invoice'; term 'GRN'; vendor/seller indicator; bill to/client indicator; phrase 'tax invoice'; term 'GSTIN',10,"{""POI"": 0.8158, ""NPO"": 0.28, ""IMA"": 0.0, ""MSI"": 0.05, ""PSI"": 0.0526, ""JER"": 0.0, ""BKA"": 0.0, ""DPR"": 0.0, ""LCA"": 0.0}",Raw top score: 0.8158
INV-CDIP / EFDI Standard Commercial PO Template,poi_invoice_049.pdf,POI,"FACT: Explicit PO-based vendor invoice with PO Number, Tax Invoice header, and GRN reference",PDF,1,SUCCESS,707,POI,0.8158,True,phrase 'purchase order'; PO number pattern; invoice number pattern; phrase 'invoice number'; word 'invoice'; term 'GRN'; vendor/seller indicator; bill to/client indicator; phrase 'tax invoice'; term 'GSTIN',10,"{""POI"": 0.8158, ""NPO"": 0.28, ""IMA"": 0.0, ""MSI"": 0.05, ""PSI"": 0.0526, ""JER"": 0.0, ""BKA"": 0.0, ""DPR"": 0.0, ""LCA"": 0.0}",Raw top score: 0.8158
INV-CDIP / EFDI Standard Commercial PO Template,poi_invoice_050.pdf,POI,"FACT: Explicit PO-based vendor invoice with PO Number, Tax Invoice header, and GRN reference",PDF,1,SUCCESS,709,POI,0.8158,True,phrase 'purchase order'; PO number pattern; invoice number pattern; phrase 'invoice number'; word 'invoice'; term 'GRN'; vendor/seller indicator; bill to/client indicator; phrase 'tax invoice'; term 'GSTIN',10,"{""POI"": 0.8158, ""NPO"": 0.28, ""IMA"": 0.0, ""MSI"": 0.05, ""PSI"": 0.0526, ""JER"": 0.0, ""BKA"": 0.0, ""DPR"": 0.0, ""LCA"": 0.0}",Raw top score: 0.8158
mindweave/accounting-ledger-us,jer_entry_001.pdf,JER,"FACT: Formal double-entry General Ledger Journal Voucher from Mindweave Accounting Ledger with GL accounts, debit/credit balance, and posting date",PDF,1,SUCCESS,634,JER,1.0,True,phrase 'journal entry'; phrase 'journal voucher'; phrase 'gl account'; phrase 'gl account code'; phrase 'general ledger'; word 'debit'; word 'credit'; phrase 'posting date'; word 'narration'; JE number pattern,10,"{""POI"": 0.0, ""NPO"": 0.0, ""IMA"": 0.0, ""MSI"": 0.0, ""PSI"": 0.0, ""JER"": 1.0, ""BKA"": 0.0, ""DPR"": 0.0, ""LCA"": 0.0}",Raw top score: 1.0000
mindweave/accounting-ledger-us,jer_entry_002.pdf,JER,"FACT: Formal double-entry General Ledger Journal Voucher from Mindweave Accounting Ledger with GL accounts, debit/credit balance, and posting date",PDF,1,SUCCESS,616,JER,1.0,True,phrase 'journal entry'; phrase 'journal voucher'; phrase 'gl account'; phrase 'gl account code'; phrase 'general ledger'; word 'debit'; word 'credit'; phrase 'posting date'; word 'narration'; JE number pattern,10,"{""POI"": 0.0263, ""NPO"": 0.06, ""IMA"": 0.0, ""MSI"": 0.15, ""PSI"": 0.0, ""JER"": 1.0, ""BKA"": 0.0, ""DPR"": 0.0, ""LCA"": 0.0}",Raw top score: 1.0000
mindweave/accounting-ledger-us,jer_entry_003.pdf,JER,"FACT: Formal double-entry General Ledger Journal Voucher from Mindweave Accounting Ledger with GL accounts, debit/credit balance, and posting date",PDF,1,SUCCESS,607,JER,1.0,True,phrase 'journal entry'; phrase 'journal voucher'; phrase 'gl account'; phrase 'gl account code'; phrase 'general ledger'; word 'debit'; word 'credit'; phrase 'posting date'; word 'narration'; JE number pattern,10,"{""POI"": 0.0263, ""NPO"": 0.06, ""IMA"": 0.0, ""MSI"": 0.15, ""PSI"": 0.0, ""JER"": 1.0, ""BKA"": 0.0, ""DPR"": 0.0, ""LCA"": 0.0}",Raw top score: 1.0000
mindweave/accounting-ledger-us,jer_entry_004.pdf,JER,"FACT: Formal double-entry General Ledger Journal Voucher from Mindweave Accounting Ledger with GL accounts, debit/credit balance, and posting date",PDF,1,SUCCESS,607,JER,1.0,True,phrase 'journal entry'; phrase 'journal voucher'; phrase 'gl account'; phrase 'gl account code'; phrase 'general ledger'; word 'debit'; word 'credit'; phrase 'posting date'; word 'narration'; JE number pattern,10,"{""POI"": 0.0263, ""NPO"": 0.06, ""IMA"": 0.0, ""MSI"": 0.15, ""PSI"": 0.0, ""JER"": 1.0, ""BKA"": 0.0, ""DPR"": 0.0, ""LCA"": 0.0}",Raw top score: 1.0000
mindweave/accounting-ledger-us,jer_entry_005.pdf,JER,"FACT: Formal double-entry General Ledger Journal Voucher from Mindweave Accounting Ledger with GL accounts, debit/credit balance, and posting date",PDF,1,SUCCESS,751,JER,1.0,True,phrase 'journal entry'; phrase 'journal voucher'; phrase 'gl account'; phrase 'gl account code'; phrase 'general ledger'; word 'debit'; word 'credit'; phrase 'posting date'; word 'narration'; JE number pattern,10,"{""POI"": 0.0, ""NPO"": 0.0, ""IMA"": 0.0, ""MSI"": 0.0, ""PSI"": 0.0, ""JER"": 1.0, ""BKA"": 0.0, ""DPR"": 0.0, ""LCA"": 0.0}",Raw top score: 1.0000
mindweave/accounting-ledger-us,jer_entry_006.pdf,JER,"FACT: Formal double-entry General Ledger Journal Voucher from Mindweave Accounting Ledger with GL accounts, debit/credit balance, and posting date",PDF,1,SUCCESS,616,JER,1.0,True,phrase 'journal entry'; phrase 'journal voucher'; phrase 'gl account'; phrase 'gl account code'; phrase 'general ledger'; word 'debit'; word 'credit'; phrase 'posting date'; word 'narration'; JE number pattern,10,"{""POI"": 0.0263, ""NPO"": 0.06, ""IMA"": 0.0, ""MSI"": 0.15, ""PSI"": 0.0, ""JER"": 1.0, ""BKA"": 0.0, ""DPR"": 0.0, ""LCA"": 0.0}",Raw top score: 1.0000
mindweave/accounting-ledger-us,jer_entry_007.pdf,JER,"FACT: Formal double-entry General Ledger Journal Voucher from Mindweave Accounting Ledger with GL accounts, debit/credit balance, and posting date",PDF,1,SUCCESS,615,JER,1.0,True,phrase 'journal entry'; phrase 'journal voucher'; phrase 'gl account'; phrase 'gl account code'; phrase 'general ledger'; word 'debit'; word 'credit'; phrase 'posting date'; word 'narration'; JE number pattern,10,"{""POI"": 0.0263, ""NPO"": 0.06, ""IMA"": 0.0, ""MSI"": 0.15, ""PSI"": 0.0, ""JER"": 1.0, ""BKA"": 0.0, ""DPR"": 0.0, ""LCA"": 0.0}",Raw top score: 1.0000
mindweave/accounting-ledger-us,jer_entry_008.pdf,JER,"FACT: Formal double-entry General Ledger Journal Voucher from Mindweave Accounting Ledger with GL accounts, debit/credit balance, and posting date",PDF,1,SUCCESS,607,JER,1.0,True,phrase 'journal entry'; phrase 'journal voucher'; phrase 'gl account'; phrase 'gl account code'; phrase 'general ledger'; word 'debit'; word 'credit'; phrase 'posting date'; word 'narration'; JE number pattern,10,"{""POI"": 0.0263, ""NPO"": 0.06, ""IMA"": 0.0, ""MSI"": 0.15, ""PSI"": 0.0, ""JER"": 1.0, ""BKA"": 0.0, ""DPR"": 0.0, ""LCA"": 0.0}",Raw top score: 1.0000
mindweave/accounting-ledger-us,jer_entry_009.pdf,JER,"FACT: Formal double-entry General Ledger Journal Voucher from Mindweave Accounting Ledger with GL accounts, debit/credit balance, and posting date",PDF,1,SUCCESS,616,JER,1.0,True,phrase 'journal entry'; phrase 'journal voucher'; phrase 'gl account'; phrase 'gl account code'; phrase 'general ledger'; word 'debit'; word 'credit'; phrase 'posting date'; word 'narration'; JE number pattern,10,"{""POI"": 0.0263, ""NPO"": 0.06, ""IMA"": 0.0, ""MSI"": 0.15, ""PSI"": 0.0, ""JER"": 1.0, ""BKA"": 0.0, ""DPR"": 0.0, ""LCA"": 0.0}",Raw top score: 1.0000
mindweave/accounting-ledger-us,jer_entry_010.pdf,JER,"FACT: Formal double-entry General Ledger Journal Voucher from Mindweave Accounting Ledger with GL accounts, debit/credit balance, and posting date",PDF,1,SUCCESS,617,JER,1.0,True,phrase 'journal entry'; phrase 'journal voucher'; phrase 'gl account'; phrase 'gl account code'; phrase 'general ledger'; word 'debit'; word 'credit'; phrase 'posting date'; word 'narration'; JE number pattern,10,"{""POI"": 0.0263, ""NPO"": 0.06, ""IMA"": 0.0, ""MSI"": 0.15, ""PSI"": 0.0, ""JER"": 1.0, ""BKA"": 0.0, ""DPR"": 0.0, ""LCA"": 0.0}",Raw top score: 1.0000
mindweave/accounting-ledger-us,jer_entry_011.pdf,JER,"FACT: Formal double-entry General Ledger Journal Voucher from Mindweave Accounting Ledger with GL accounts, debit/credit balance, and posting date",PDF,1,SUCCESS,617,JER,1.0,True,phrase 'journal entry'; phrase 'journal voucher'; phrase 'gl account'; phrase 'gl account code'; phrase 'general ledger'; word 'debit'; word 'credit'; phrase 'posting date'; word 'narration'; JE number pattern,10,"{""POI"": 0.0263, ""NPO"": 0.06, ""IMA"": 0.0, ""MSI"": 0.15, ""PSI"": 0.0, ""JER"": 1.0, ""BKA"": 0.0, ""DPR"": 0.0, ""LCA"": 0.0}",Raw top score: 1.0000
mindweave/accounting-ledger-us,jer_entry_012.pdf,JER,"FACT: Formal double-entry General Ledger Journal Voucher from Mindweave Accounting Ledger with GL accounts, debit/credit balance, and posting date",PDF,1,SUCCESS,617,JER,1.0,True,phrase 'journal entry'; phrase 'journal voucher'; phrase 'gl account'; phrase 'gl account code'; phrase 'general ledger'; word 'debit'; word 'credit'; phrase 'posting date'; word 'narration'; JE number pattern,10,"{""POI"": 0.0263, ""NPO"": 0.06, ""IMA"": 0.0, ""MSI"": 0.15, ""PSI"": 0.0, ""JER"": 1.0, ""BKA"": 0.0, ""DPR"": 0.0, ""LCA"": 0.0}",Raw top score: 1.0000
mindweave/accounting-ledger-us,jer_entry_013.pdf,JER,"FACT: Formal double-entry General Ledger Journal Voucher from Mindweave Accounting Ledger with GL accounts, debit/credit balance, and posting date",PDF,1,SUCCESS,617,JER,1.0,True,phrase 'journal entry'; phrase 'journal voucher'; phrase 'gl account'; phrase 'gl account code'; phrase 'general ledger'; word 'debit'; word 'credit'; phrase 'posting date'; word 'narration'; JE number pattern,10,"{""POI"": 0.0263, ""NPO"": 0.06, ""IMA"": 0.0, ""MSI"": 0.15, ""PSI"": 0.0, ""JER"": 1.0, ""BKA"": 0.0, ""DPR"": 0.0, ""LCA"": 0.0}",Raw top score: 1.0000
mindweave/accounting-ledger-us,jer_entry_014.pdf,JER,"FACT: Formal double-entry General Ledger Journal Voucher from Mindweave Accounting Ledger with GL accounts, debit/credit balance, and posting date",PDF,1,SUCCESS,616,JER,1.0,True,phrase 'journal entry'; phrase 'journal voucher'; phrase 'gl account'; phrase 'gl account code'; phrase 'general ledger'; word 'debit'; word 'credit'; phrase 'posting date'; word 'narration'; JE number pattern,10,"{""POI"": 0.0263, ""NPO"": 0.06, ""IMA"": 0.0, ""MSI"": 0.15, ""PSI"": 0.0, ""JER"": 1.0, ""BKA"": 0.0, ""DPR"": 0.0, ""LCA"": 0.0}",Raw top score: 1.0000
mindweave/accounting-ledger-us,jer_entry_015.pdf,JER,"FACT: Formal double-entry General Ledger Journal Voucher from Mindweave Accounting Ledger with GL accounts, debit/credit balance, and posting date",PDF,1,SUCCESS,614,JER,1.0,True,phrase 'journal entry'; phrase 'journal voucher'; phrase 'gl account'; phrase 'gl account code'; phrase 'general ledger'; word 'debit'; word 'credit'; phrase 'posting date'; word 'narration'; JE number pattern,10,"{""POI"": 0.0263, ""NPO"": 0.06, ""IMA"": 0.0, ""MSI"": 0.15, ""PSI"": 0.0, ""JER"": 1.0, ""BKA"": 0.0, ""DPR"": 0.0, ""LCA"": 0.0}",Raw top score: 1.0000
mindweave/accounting-ledger-us,jer_entry_016.pdf,JER,"FACT: Formal double-entry General Ledger Journal Voucher from Mindweave Accounting Ledger with GL accounts, debit/credit balance, and posting date",PDF,1,SUCCESS,617,JER,1.0,True,phrase 'journal entry'; phrase 'journal voucher'; phrase 'gl account'; phrase 'gl account code'; phrase 'general ledger'; word 'debit'; word 'credit'; phrase 'posting date'; word 'narration'; JE number pattern,10,"{""POI"": 0.0263, ""NPO"": 0.06, ""IMA"": 0.0, ""MSI"": 0.15, ""PSI"": 0.0, ""JER"": 1.0, ""BKA"": 0.0, ""DPR"": 0.0, ""LCA"": 0.0}",Raw top score: 1.0000
mindweave/accounting-ledger-us,jer_entry_017.pdf,JER,"FACT: Formal double-entry General Ledger Journal Voucher from Mindweave Accounting Ledger with GL accounts, debit/credit balance, and posting date",PDF,1,SUCCESS,614,JER,1.0,True,phrase 'journal entry'; phrase 'journal voucher'; phrase 'gl account'; phrase 'gl account code'; phrase 'general ledger'; word 'debit'; word 'credit'; phrase 'posting date'; word 'narration'; JE number pattern,10,"{""POI"": 0.0263, ""NPO"": 0.06, ""IMA"": 0.0, ""MSI"": 0.15, ""PSI"": 0.0, ""JER"": 1.0, ""BKA"": 0.0, ""DPR"": 0.0, ""LCA"": 0.0}",Raw top score: 1.0000
mindweave/accounting-ledger-us,jer_entry_018.pdf,JER,"FACT: Formal double-entry General Ledger Journal Voucher from Mindweave Accounting Ledger with GL accounts, debit/credit balance, and posting date",PDF,1,SUCCESS,617,JER,1.0,True,phrase 'journal entry'; phrase 'journal voucher'; phrase 'gl account'; phrase 'gl account code'; phrase 'general ledger'; word 'debit'; word 'credit'; phrase 'posting date'; word 'narration'; JE number pattern,10,"{""POI"": 0.0263, ""NPO"": 0.06, ""IMA"": 0.0, ""MSI"": 0.15, ""PSI"": 0.0, ""JER"": 1.0, ""BKA"": 0.0, ""DPR"": 0.0, ""LCA"": 0.0}",Raw top score: 1.0000
mindweave/accounting-ledger-us,jer_entry_019.pdf,JER,"FACT: Formal double-entry General Ledger Journal Voucher from Mindweave Accounting Ledger with GL accounts, debit/credit balance, and posting date",PDF,1,SUCCESS,595,JER,1.0,True,phrase 'journal entry'; phrase 'journal voucher'; phrase 'gl account'; phrase 'gl account code'; phrase 'general ledger'; word 'debit'; word 'credit'; phrase 'posting date'; word 'narration'; JE number pattern,10,"{""POI"": 0.0, ""NPO"": 0.0, ""IMA"": 0.0, ""MSI"": 0.075, ""PSI"": 0.0, ""JER"": 1.0, ""BKA"": 0.0, ""DPR"": 0.0, ""LCA"": 0.0}",Raw top score: 1.0000
mindweave/accounting-ledger-us,jer_entry_020.pdf,JER,"FACT: Formal double-entry General Ledger Journal Voucher from Mindweave Accounting Ledger with GL accounts, debit/credit balance, and posting date",PDF,1,SUCCESS,608,JER,1.0,True,phrase 'journal entry'; phrase 'journal voucher'; phrase 'gl account'; phrase 'gl account code'; phrase 'general ledger'; word 'debit'; word 'credit'; phrase 'posting date'; word 'narration'; JE number pattern,10,"{""POI"": 0.0263, ""NPO"": 0.06, ""IMA"": 0.0, ""MSI"": 0.15, ""PSI"": 0.0, ""JER"": 1.0, ""BKA"": 0.0, ""DPR"": 0.0, ""LCA"": 0.0}",Raw top score: 1.0000
mindweave/accounting-ledger-us,jer_entry_021.pdf,JER,"FACT: Formal double-entry General Ledger Journal Voucher from Mindweave Accounting Ledger with GL accounts, debit/credit balance, and posting date",PDF,1,SUCCESS,595,JER,1.0,True,phrase 'journal entry'; phrase 'journal voucher'; phrase 'gl account'; phrase 'gl account code'; phrase 'general ledger'; word 'debit'; word 'credit'; phrase 'posting date'; word 'narration'; JE number pattern,10,"{""POI"": 0.0, ""NPO"": 0.0, ""IMA"": 0.0, ""MSI"": 0.075, ""PSI"": 0.0, ""JER"": 1.0, ""BKA"": 0.0, ""DPR"": 0.0, ""LCA"": 0.0}",Raw top score: 1.0000
mindweave/accounting-ledger-us,jer_entry_022.pdf,JER,"FACT: Formal double-entry General Ledger Journal Voucher from Mindweave Accounting Ledger with GL accounts, debit/credit balance, and posting date",PDF,1,SUCCESS,632,JER,1.0,True,phrase 'journal entry'; phrase 'journal voucher'; phrase 'gl account'; phrase 'gl account code'; phrase 'general ledger'; word 'debit'; word 'credit'; phrase 'posting date'; word 'narration'; JE number pattern,10,"{""POI"": 0.0526, ""NPO"": 0.14, ""IMA"": 0.0, ""MSI"": 0.0, ""PSI"": 0.0, ""JER"": 1.0, ""BKA"": 0.0, ""DPR"": 0.0, ""LCA"": 0.0}",Raw top score: 1.0000
mindweave/accounting-ledger-us,jer_entry_023.pdf,JER,"FACT: Formal double-entry General Ledger Journal Voucher from Mindweave Accounting Ledger with GL accounts, debit/credit balance, and posting date",PDF,1,SUCCESS,617,JER,1.0,True,phrase 'journal entry'; phrase 'journal voucher'; phrase 'gl account'; phrase 'gl account code'; phrase 'general ledger'; word 'debit'; word 'credit'; phrase 'posting date'; word 'narration'; JE number pattern,10,"{""POI"": 0.0263, ""NPO"": 0.06, ""IMA"": 0.0, ""MSI"": 0.15, ""PSI"": 0.0, ""JER"": 1.0, ""BKA"": 0.0, ""DPR"": 0.0, ""LCA"": 0.0}",Raw top score: 1.0000
mindweave/accounting-ledger-us,jer_entry_024.pdf,JER,"FACT: Formal double-entry General Ledger Journal Voucher from Mindweave Accounting Ledger with GL accounts, debit/credit balance, and posting date",PDF,1,SUCCESS,608,JER,1.0,True,phrase 'journal entry'; phrase 'journal voucher'; phrase 'gl account'; phrase 'gl account code'; phrase 'general ledger'; word 'debit'; word 'credit'; phrase 'posting date'; word 'narration'; JE number pattern,10,"{""POI"": 0.0263, ""NPO"": 0.06, ""IMA"": 0.0, ""MSI"": 0.15, ""PSI"": 0.0, ""JER"": 1.0, ""BKA"": 0.0, ""DPR"": 0.0, ""LCA"": 0.0}",Raw top score: 1.0000
mindweave/accounting-ledger-us,jer_entry_025.pdf,JER,"FACT: Formal double-entry General Ledger Journal Voucher from Mindweave Accounting Ledger with GL accounts, debit/credit balance, and posting date",PDF,1,SUCCESS,608,JER,1.0,True,phrase 'journal entry'; phrase 'journal voucher'; phrase 'gl account'; phrase 'gl account code'; phrase 'general ledger'; word 'debit'; word 'credit'; phrase 'posting date'; word 'narration'; JE number pattern,10,"{""POI"": 0.0263, ""NPO"": 0.06, ""IMA"": 0.0, ""MSI"": 0.15, ""PSI"": 0.0, ""JER"": 1.0, ""BKA"": 0.0, ""DPR"": 0.0, ""LCA"": 0.0}",Raw top score: 1.0000
mindweave/accounting-ledger-us,jer_entry_026.pdf,JER,"FACT: Formal double-entry General Ledger Journal Voucher from Mindweave Accounting Ledger with GL accounts, debit/credit balance, and posting date",PDF,1,SUCCESS,617,JER,1.0,True,phrase 'journal entry'; phrase 'journal voucher'; phrase 'gl account'; phrase 'gl account code'; phrase 'general ledger'; word 'debit'; word 'credit'; phrase 'posting date'; word 'narration'; JE number pattern,10,"{""POI"": 0.0263, ""NPO"": 0.06, ""IMA"": 0.0, ""MSI"": 0.15, ""PSI"": 0.0, ""JER"": 1.0, ""BKA"": 0.0, ""DPR"": 0.0, ""LCA"": 0.0}",Raw top score: 1.0000
mindweave/accounting-ledger-us,jer_entry_027.pdf,JER,"FACT: Formal double-entry General Ledger Journal Voucher from Mindweave Accounting Ledger with GL accounts, debit/credit balance, and posting date",PDF,1,SUCCESS,608,JER,1.0,True,phrase 'journal entry'; phrase 'journal voucher'; phrase 'gl account'; phrase 'gl account code'; phrase 'general ledger'; word 'debit'; word 'credit'; phrase 'posting date'; word 'narration'; JE number pattern,10,"{""POI"": 0.0263, ""NPO"": 0.06, ""IMA"": 0.0, ""MSI"": 0.15, ""PSI"": 0.0, ""JER"": 1.0, ""BKA"": 0.0, ""DPR"": 0.0, ""LCA"": 0.0}",Raw top score: 1.0000
mindweave/accounting-ledger-us,jer_entry_028.pdf,JER,"FACT: Formal double-entry General Ledger Journal Voucher from Mindweave Accounting Ledger with GL accounts, debit/credit balance, and posting date",PDF,1,SUCCESS,595,JER,1.0,True,phrase 'journal entry'; phrase 'journal voucher'; phrase 'gl account'; phrase 'gl account code'; phrase 'general ledger'; word 'debit'; word 'credit'; phrase 'posting date'; word 'narration'; JE number pattern,10,"{""POI"": 0.0, ""NPO"": 0.0, ""IMA"": 0.0, ""MSI"": 0.075, ""PSI"": 0.0, ""JER"": 1.0, ""BKA"": 0.0, ""DPR"": 0.0, ""LCA"": 0.0}",Raw top score: 1.0000
mindweave/accounting-ledger-us,jer_entry_029.pdf,JER,"FACT: Formal double-entry General Ledger Journal Voucher from Mindweave Accounting Ledger with GL accounts, debit/credit balance, and posting date",PDF,1,SUCCESS,752,JER,1.0,True,phrase 'journal entry'; phrase 'journal voucher'; phrase 'gl account'; phrase 'gl account code'; phrase 'general ledger'; word 'debit'; word 'credit'; phrase 'posting date'; word 'narration'; JE number pattern,10,"{""POI"": 0.0, ""NPO"": 0.0, ""IMA"": 0.0, ""MSI"": 0.0, ""PSI"": 0.0, ""JER"": 1.0, ""BKA"": 0.0, ""DPR"": 0.0, ""LCA"": 0.0}",Raw top score: 1.0000
mindweave/accounting-ledger-us,jer_entry_030.pdf,JER,"FACT: Formal double-entry General Ledger Journal Voucher from Mindweave Accounting Ledger with GL accounts, debit/credit balance, and posting date",PDF,1,SUCCESS,608,JER,1.0,True,phrase 'journal entry'; phrase 'journal voucher'; phrase 'gl account'; phrase 'gl account code'; phrase 'general ledger'; word 'debit'; word 'credit'; phrase 'posting date'; word 'narration'; JE number pattern,10,"{""POI"": 0.0263, ""NPO"": 0.06, ""IMA"": 0.0, ""MSI"": 0.15, ""PSI"": 0.0, ""JER"": 1.0, ""BKA"": 0.0, ""DPR"": 0.0, ""LCA"": 0.0}",Raw top score: 1.0000
mindweave/accounting-ledger-us,jer_entry_031.pdf,JER,"FACT: Formal double-entry General Ledger Journal Voucher from Mindweave Accounting Ledger with GL accounts, debit/credit balance, and posting date",PDF,1,SUCCESS,608,JER,1.0,True,phrase 'journal entry'; phrase 'journal voucher'; phrase 'gl account'; phrase 'gl account code'; phrase 'general ledger'; word 'debit'; word 'credit'; phrase 'posting date'; word 'narration'; JE number pattern,10,"{""POI"": 0.0263, ""NPO"": 0.06, ""IMA"": 0.0, ""MSI"": 0.15, ""PSI"": 0.0, ""JER"": 1.0, ""BKA"": 0.0, ""DPR"": 0.0, ""LCA"": 0.0}",Raw top score: 1.0000
mindweave/accounting-ledger-us,jer_entry_032.pdf,JER,"FACT: Formal double-entry General Ledger Journal Voucher from Mindweave Accounting Ledger with GL accounts, debit/credit balance, and posting date",PDF,1,SUCCESS,595,JER,1.0,True,phrase 'journal entry'; phrase 'journal voucher'; phrase 'gl account'; phrase 'gl account code'; phrase 'general ledger'; word 'debit'; word 'credit'; phrase 'posting date'; word 'narration'; JE number pattern,10,"{""POI"": 0.0, ""NPO"": 0.0, ""IMA"": 0.0, ""MSI"": 0.075, ""PSI"": 0.0, ""JER"": 1.0, ""BKA"": 0.0, ""DPR"": 0.0, ""LCA"": 0.0}",Raw top score: 1.0000
mindweave/accounting-ledger-us,jer_entry_033.pdf,JER,"FACT: Formal double-entry General Ledger Journal Voucher from Mindweave Accounting Ledger with GL accounts, debit/credit balance, and posting date",PDF,1,SUCCESS,587,JER,1.0,True,phrase 'journal entry'; phrase 'journal voucher'; phrase 'gl account'; phrase 'gl account code'; phrase 'general ledger'; word 'debit'; word 'credit'; phrase 'posting date'; word 'narration'; JE number pattern,10,"{""POI"": 0.0, ""NPO"": 0.0, ""IMA"": 0.0, ""MSI"": 0.075, ""PSI"": 0.0, ""JER"": 1.0, ""BKA"": 0.0, ""DPR"": 0.0, ""LCA"": 0.0}",Raw top score: 1.0000
mindweave/accounting-ledger-us,jer_entry_034.pdf,JER,"FACT: Formal double-entry General Ledger Journal Voucher from Mindweave Accounting Ledger with GL accounts, debit/credit balance, and posting date",PDF,1,SUCCESS,593,JER,1.0,True,phrase 'journal entry'; phrase 'journal voucher'; phrase 'gl account'; phrase 'gl account code'; phrase 'general ledger'; word 'debit'; word 'credit'; phrase 'posting date'; word 'narration'; JE number pattern,10,"{""POI"": 0.0263, ""NPO"": 0.08, ""IMA"": 0.0, ""MSI"": 0.0, ""PSI"": 0.0, ""JER"": 1.0, ""BKA"": 0.0, ""DPR"": 0.0, ""LCA"": 0.0}",Raw top score: 1.0000
mindweave/accounting-ledger-us,jer_entry_035.pdf,JER,"FACT: Formal double-entry General Ledger Journal Voucher from Mindweave Accounting Ledger with GL accounts, debit/credit balance, and posting date",PDF,1,SUCCESS,616,JER,1.0,True,phrase 'journal entry'; phrase 'journal voucher'; phrase 'gl account'; phrase 'gl account code'; phrase 'general ledger'; word 'debit'; word 'credit'; phrase 'posting date'; word 'narration'; JE number pattern,10,"{""POI"": 0.0263, ""NPO"": 0.06, ""IMA"": 0.0, ""MSI"": 0.15, ""PSI"": 0.0, ""JER"": 1.0, ""BKA"": 0.0, ""DPR"": 0.0, ""LCA"": 0.0}",Raw top score: 1.0000
mindweave/accounting-ledger-us,jer_entry_036.pdf,JER,"FACT: Formal double-entry General Ledger Journal Voucher from Mindweave Accounting Ledger with GL accounts, debit/credit balance, and posting date",PDF,1,SUCCESS,607,JER,1.0,True,phrase 'journal entry'; phrase 'journal voucher'; phrase 'gl account'; phrase 'gl account code'; phrase 'general ledger'; word 'debit'; word 'credit'; phrase 'posting date'; word 'narration'; JE number pattern,10,"{""POI"": 0.0263, ""NPO"": 0.06, ""IMA"": 0.0, ""MSI"": 0.15, ""PSI"": 0.0, ""JER"": 1.0, ""BKA"": 0.0, ""DPR"": 0.0, ""LCA"": 0.0}",Raw top score: 1.0000
mindweave/accounting-ledger-us,jer_entry_037.pdf,JER,"FACT: Formal double-entry General Ledger Journal Voucher from Mindweave Accounting Ledger with GL accounts, debit/credit balance, and posting date",PDF,1,SUCCESS,629,JER,1.0,True,phrase 'journal entry'; phrase 'journal voucher'; phrase 'gl account'; phrase 'gl account code'; phrase 'general ledger'; word 'debit'; word 'credit'; phrase 'posting date'; word 'narration'; JE number pattern,10,"{""POI"": 0.0526, ""NPO"": 0.14, ""IMA"": 0.0, ""MSI"": 0.0, ""PSI"": 0.0, ""JER"": 1.0, ""BKA"": 0.0, ""DPR"": 0.0, ""LCA"": 0.0}",Raw top score: 1.0000
mindweave/accounting-ledger-us,jer_entry_038.pdf,JER,"FACT: Formal double-entry General Ledger Journal Voucher from Mindweave Accounting Ledger with GL accounts, debit/credit balance, and posting date",PDF,1,SUCCESS,617,JER,1.0,True,phrase 'journal entry'; phrase 'journal voucher'; phrase 'gl account'; phrase 'gl account code'; phrase 'general ledger'; word 'debit'; word 'credit'; phrase 'posting date'; word 'narration'; JE number pattern,10,"{""POI"": 0.0263, ""NPO"": 0.06, ""IMA"": 0.0, ""MSI"": 0.15, ""PSI"": 0.0, ""JER"": 1.0, ""BKA"": 0.0, ""DPR"": 0.0, ""LCA"": 0.0}",Raw top score: 1.0000
mindweave/accounting-ledger-us,jer_entry_039.pdf,JER,"FACT: Formal double-entry General Ledger Journal Voucher from Mindweave Accounting Ledger with GL accounts, debit/credit balance, and posting date",PDF,1,SUCCESS,617,JER,1.0,True,phrase 'journal entry'; phrase 'journal voucher'; phrase 'gl account'; phrase 'gl account code'; phrase 'general ledger'; word 'debit'; word 'credit'; phrase 'posting date'; word 'narration'; JE number pattern,10,"{""POI"": 0.0263, ""NPO"": 0.06, ""IMA"": 0.0, ""MSI"": 0.15, ""PSI"": 0.0, ""JER"": 1.0, ""BKA"": 0.0, ""DPR"": 0.0, ""LCA"": 0.0}",Raw top score: 1.0000
mindweave/accounting-ledger-us,jer_entry_040.pdf,JER,"FACT: Formal double-entry General Ledger Journal Voucher from Mindweave Accounting Ledger with GL accounts, debit/credit balance, and posting date",PDF,1,SUCCESS,617,JER,1.0,True,phrase 'journal entry'; phrase 'journal voucher'; phrase 'gl account'; phrase 'gl account code'; phrase 'general ledger'; word 'debit'; word 'credit'; phrase 'posting date'; word 'narration'; JE number pattern,10,"{""POI"": 0.0263, ""NPO"": 0.06, ""IMA"": 0.0, ""MSI"": 0.15, ""PSI"": 0.0, ""JER"": 1.0, ""BKA"": 0.0, ""DPR"": 0.0, ""LCA"": 0.0}",Raw top score: 1.0000
mindweave/accounting-ledger-us,jer_entry_041.pdf,JER,"FACT: Formal double-entry General Ledger Journal Voucher from Mindweave Accounting Ledger with GL accounts, debit/credit balance, and posting date",PDF,1,SUCCESS,608,JER,1.0,True,phrase 'journal entry'; phrase 'journal voucher'; phrase 'gl account'; phrase 'gl account code'; phrase 'general ledger'; word 'debit'; word 'credit'; phrase 'posting date'; word 'narration'; JE number pattern,10,"{""POI"": 0.0263, ""NPO"": 0.06, ""IMA"": 0.0, ""MSI"": 0.15, ""PSI"": 0.0, ""JER"": 1.0, ""BKA"": 0.0, ""DPR"": 0.0, ""LCA"": 0.0}",Raw top score: 1.0000
mindweave/accounting-ledger-us,jer_entry_042.pdf,JER,"FACT: Formal double-entry General Ledger Journal Voucher from Mindweave Accounting Ledger with GL accounts, debit/credit balance, and posting date",PDF,1,SUCCESS,617,JER,1.0,True,phrase 'journal entry'; phrase 'journal voucher'; phrase 'gl account'; phrase 'gl account code'; phrase 'general ledger'; word 'debit'; word 'credit'; phrase 'posting date'; word 'narration'; JE number pattern,10,"{""POI"": 0.0263, ""NPO"": 0.06, ""IMA"": 0.0, ""MSI"": 0.15, ""PSI"": 0.0, ""JER"": 1.0, ""BKA"": 0.0, ""DPR"": 0.0, ""LCA"": 0.0}",Raw top score: 1.0000
mindweave/accounting-ledger-us,jer_entry_043.pdf,JER,"FACT: Formal double-entry General Ledger Journal Voucher from Mindweave Accounting Ledger with GL accounts, debit/credit balance, and posting date",PDF,1,SUCCESS,617,JER,1.0,True,phrase 'journal entry'; phrase 'journal voucher'; phrase 'gl account'; phrase 'gl account code'; phrase 'general ledger'; word 'debit'; word 'credit'; phrase 'posting date'; word 'narration'; JE number pattern,10,"{""POI"": 0.0263, ""NPO"": 0.06, ""IMA"": 0.0, ""MSI"": 0.15, ""PSI"": 0.0, ""JER"": 1.0, ""BKA"": 0.0, ""DPR"": 0.0, ""LCA"": 0.0}",Raw top score: 1.0000
mindweave/accounting-ledger-us,jer_entry_044.pdf,JER,"FACT: Formal double-entry General Ledger Journal Voucher from Mindweave Accounting Ledger with GL accounts, debit/credit balance, and posting date",PDF,1,SUCCESS,595,JER,1.0,True,phrase 'journal entry'; phrase 'journal voucher'; phrase 'gl account'; phrase 'gl account code'; phrase 'general ledger'; word 'debit'; word 'credit'; phrase 'posting date'; word 'narration'; JE number pattern,10,"{""POI"": 0.0, ""NPO"": 0.0, ""IMA"": 0.0, ""MSI"": 0.075, ""PSI"": 0.0, ""JER"": 1.0, ""BKA"": 0.0, ""DPR"": 0.0, ""LCA"": 0.0}",Raw top score: 1.0000
mindweave/accounting-ledger-us,jer_entry_045.pdf,JER,"FACT: Formal double-entry General Ledger Journal Voucher from Mindweave Accounting Ledger with GL accounts, debit/credit balance, and posting date",PDF,1,SUCCESS,632,JER,1.0,True,phrase 'journal entry'; phrase 'journal voucher'; phrase 'gl account'; phrase 'gl account code'; phrase 'general ledger'; word 'debit'; word 'credit'; phrase 'posting date'; word 'narration'; JE number pattern,10,"{""POI"": 0.0526, ""NPO"": 0.14, ""IMA"": 0.0, ""MSI"": 0.0, ""PSI"": 0.0, ""JER"": 1.0, ""BKA"": 0.0, ""DPR"": 0.0, ""LCA"": 0.0}",Raw top score: 1.0000
mindweave/accounting-ledger-us,jer_entry_046.pdf,JER,"FACT: Formal double-entry General Ledger Journal Voucher from Mindweave Accounting Ledger with GL accounts, debit/credit balance, and posting date",PDF,1,SUCCESS,593,JER,1.0,True,phrase 'journal entry'; phrase 'journal voucher'; phrase 'gl account'; phrase 'gl account code'; phrase 'general ledger'; word 'debit'; word 'credit'; phrase 'posting date'; word 'narration'; JE number pattern,10,"{""POI"": 0.0263, ""NPO"": 0.08, ""IMA"": 0.0, ""MSI"": 0.0, ""PSI"": 0.0, ""JER"": 1.0, ""BKA"": 0.0, ""DPR"": 0.0, ""LCA"": 0.0}",Raw top score: 1.0000
mindweave/accounting-ledger-us,jer_entry_047.pdf,JER,"FACT: Formal double-entry General Ledger Journal Voucher from Mindweave Accounting Ledger with GL accounts, debit/credit balance, and posting date",PDF,1,SUCCESS,587,JER,1.0,True,phrase 'journal entry'; phrase 'journal voucher'; phrase 'gl account'; phrase 'gl account code'; phrase 'general ledger'; word 'debit'; word 'credit'; phrase 'posting date'; word 'narration'; JE number pattern,10,"{""POI"": 0.0, ""NPO"": 0.0, ""IMA"": 0.0, ""MSI"": 0.075, ""PSI"": 0.0, ""JER"": 1.0, ""BKA"": 0.0, ""DPR"": 0.0, ""LCA"": 0.0}",Raw top score: 1.0000
mindweave/accounting-ledger-us,jer_entry_048.pdf,JER,"FACT: Formal double-entry General Ledger Journal Voucher from Mindweave Accounting Ledger with GL accounts, debit/credit balance, and posting date",PDF,1,SUCCESS,587,JER,1.0,True,phrase 'journal entry'; phrase 'journal voucher'; phrase 'gl account'; phrase 'gl account code'; phrase 'general ledger'; word 'debit'; word 'credit'; phrase 'posting date'; word 'narration'; JE number pattern,10,"{""POI"": 0.0, ""NPO"": 0.0, ""IMA"": 0.0, ""MSI"": 0.075, ""PSI"": 0.0, ""JER"": 1.0, ""BKA"": 0.0, ""DPR"": 0.0, ""LCA"": 0.0}",Raw top score: 1.0000
mindweave/accounting-ledger-us,jer_entry_049.pdf,JER,"FACT: Formal double-entry General Ledger Journal Voucher from Mindweave Accounting Ledger with GL accounts, debit/credit balance, and posting date",PDF,1,SUCCESS,587,JER,1.0,True,phrase 'journal entry'; phrase 'journal voucher'; phrase 'gl account'; phrase 'gl account code'; phrase 'general ledger'; word 'debit'; word 'credit'; phrase 'posting date'; word 'narration'; JE number pattern,10,"{""POI"": 0.0, ""NPO"": 0.0, ""IMA"": 0.0, ""MSI"": 0.075, ""PSI"": 0.0, ""JER"": 1.0, ""BKA"": 0.0, ""DPR"": 0.0, ""LCA"": 0.0}",Raw top score: 1.0000
mindweave/accounting-ledger-us,jer_entry_050.pdf,JER,"FACT: Formal double-entry General Ledger Journal Voucher from Mindweave Accounting Ledger with GL accounts, debit/credit balance, and posting date",PDF,1,SUCCESS,608,JER,1.0,True,phrase 'journal entry'; phrase 'journal voucher'; phrase 'gl account'; phrase 'gl account code'; phrase 'general ledger'; word 'debit'; word 'credit'; phrase 'posting date'; word 'narration'; JE number pattern,10,"{""POI"": 0.0263, ""NPO"": 0.06, ""IMA"": 0.0, ""MSI"": 0.15, ""PSI"": 0.0, ""JER"": 1.0, ""BKA"": 0.0, ""DPR"": 0.0, ""LCA"": 0.0}",Raw top score: 1.0000
AyoubChLin/CompanyDocuments/PurchaseOrders,purchase_orders_10248.pdf,CONTROL_PO,FACT: Standalone Purchase Order procurement document (NOT an invoice),PDF,1,SUCCESS,237,MSI,0.405,True,word 'customer'; phrase 'customer name'; phrase 'order id',3,"{""POI"": 0.1316, ""NPO"": 0.0, ""IMA"": 0.0, ""MSI"": 0.405, ""PSI"": 0.0, ""JER"": 0.0, ""BKA"": 0.0, ""DPR"": 0.0, ""LCA"": 0.0}",Raw top score: 0.4050
AyoubChLin/CompanyDocuments/PurchaseOrders,purchase_orders_10249.pdf,CONTROL_PO,FACT: Standalone Purchase Order procurement document (NOT an invoice),PDF,1,SUCCESS,189,MSI,0.405,True,word 'customer'; phrase 'customer name'; phrase 'order id',3,"{""POI"": 0.1316, ""NPO"": 0.0, ""IMA"": 0.0, ""MSI"": 0.405, ""PSI"": 0.0, ""JER"": 0.0, ""BKA"": 0.0, ""DPR"": 0.0, ""LCA"": 0.0}",Raw top score: 0.4050
AyoubChLin/CompanyDocuments/PurchaseOrders,purchase_orders_10250.pdf,CONTROL_PO,FACT: Standalone Purchase Order procurement document (NOT an invoice),PDF,1,SUCCESS,259,MSI,0.405,True,word 'customer'; phrase 'customer name'; phrase 'order id',3,"{""POI"": 0.1316, ""NPO"": 0.0, ""IMA"": 0.0, ""MSI"": 0.405, ""PSI"": 0.0, ""JER"": 0.0, ""BKA"": 0.0, ""DPR"": 0.0, ""LCA"": 0.0}",Raw top score: 0.4050
AyoubChLin/CompanyDocuments/PurchaseOrders,purchase_orders_10251.pdf,CONTROL_PO,FACT: Standalone Purchase Order procurement document (NOT an invoice),PDF,1,SUCCESS,240,MSI,0.405,True,word 'customer'; phrase 'customer name'; phrase 'order id',3,"{""POI"": 0.1316, ""NPO"": 0.0, ""IMA"": 0.0, ""MSI"": 0.405, ""PSI"": 0.0, ""JER"": 0.0, ""BKA"": 0.0, ""DPR"": 0.0, ""LCA"": 0.0}",Raw top score: 0.4050
AyoubChLin/CompanyDocuments/PurchaseOrders,purchase_orders_10252.pdf,CONTROL_PO,FACT: Standalone Purchase Order procurement document (NOT an invoice),PDF,1,SUCCESS,223,MSI,0.405,True,word 'customer'; phrase 'customer name'; phrase 'order id',3,"{""POI"": 0.1316, ""NPO"": 0.0, ""IMA"": 0.0, ""MSI"": 0.405, ""PSI"": 0.0, ""JER"": 0.0, ""BKA"": 0.0, ""DPR"": 0.0, ""LCA"": 0.0}",Raw top score: 0.4050
AyoubChLin/CompanyDocuments/PurchaseOrders,purchase_orders_10253.pdf,CONTROL_PO,FACT: Standalone Purchase Order procurement document (NOT an invoice),PDF,1,SUCCESS,213,MSI,0.405,True,word 'customer'; phrase 'customer name'; phrase 'order id',3,"{""POI"": 0.1316, ""NPO"": 0.0, ""IMA"": 0.0, ""MSI"": 0.405, ""PSI"": 0.0, ""JER"": 0.0, ""BKA"": 0.0, ""DPR"": 0.0, ""LCA"": 0.0}",Raw top score: 0.4050
AyoubChLin/CompanyDocuments/PurchaseOrders,purchase_orders_10254.pdf,CONTROL_PO,FACT: Standalone Purchase Order procurement document (NOT an invoice),PDF,1,SUCCESS,212,MSI,0.405,True,word 'customer'; phrase 'customer name'; phrase 'order id',3,"{""POI"": 0.1316, ""NPO"": 0.0, ""IMA"": 0.0, ""MSI"": 0.405, ""PSI"": 0.0, ""JER"": 0.0, ""BKA"": 0.0, ""DPR"": 0.0, ""LCA"": 0.0}",Raw top score: 0.4050
AyoubChLin/CompanyDocuments/PurchaseOrders,purchase_orders_10255.pdf,CONTROL_PO,FACT: Standalone Purchase Order procurement document (NOT an invoice),PDF,1,SUCCESS,228,MSI,0.405,True,word 'customer'; phrase 'customer name'; phrase 'order id',3,"{""POI"": 0.1316, ""NPO"": 0.0, ""IMA"": 0.0, ""MSI"": 0.405, ""PSI"": 0.0, ""JER"": 0.0, ""BKA"": 0.0, ""DPR"": 0.0, ""LCA"": 0.0}",Raw top score: 0.4050
AyoubChLin/CompanyDocuments/PurchaseOrders,purchase_orders_10256.pdf,CONTROL_PO,FACT: Standalone Purchase Order procurement document (NOT an invoice),PDF,1,SUCCESS,209,MSI,0.405,True,word 'customer'; phrase 'customer name'; phrase 'order id',3,"{""POI"": 0.1316, ""NPO"": 0.0, ""IMA"": 0.0, ""MSI"": 0.405, ""PSI"": 0.0, ""JER"": 0.0, ""BKA"": 0.0, ""DPR"": 0.0, ""LCA"": 0.0}",Raw top score: 0.4050
AyoubChLin/CompanyDocuments/PurchaseOrders,purchase_orders_10257.pdf,CONTROL_PO,FACT: Standalone Purchase Order procurement document (NOT an invoice),PDF,1,SUCCESS,244,MSI,0.405,True,word 'customer'; phrase 'customer name'; phrase 'order id',3,"{""POI"": 0.1316, ""NPO"": 0.0, ""IMA"": 0.0, ""MSI"": 0.405, ""PSI"": 0.0, ""JER"": 0.0, ""BKA"": 0.0, ""DPR"": 0.0, ""LCA"": 0.0}",Raw top score: 0.4050
AyoubChLin/CompanyDocuments/PurchaseOrders,purchase_orders_10258.pdf,CONTROL_PO,FACT: Standalone Purchase Order procurement document (NOT an invoice),PDF,1,SUCCESS,217,MSI,0.405,True,word 'customer'; phrase 'customer name'; phrase 'order id',3,"{""POI"": 0.1316, ""NPO"": 0.0, ""IMA"": 0.0, ""MSI"": 0.405, ""PSI"": 0.0, ""JER"": 0.0, ""BKA"": 0.0, ""DPR"": 0.0, ""LCA"": 0.0}",Raw top score: 0.4050
AyoubChLin/CompanyDocuments/PurchaseOrders,purchase_orders_10259.pdf,CONTROL_PO,FACT: Standalone Purchase Order procurement document (NOT an invoice),PDF,1,SUCCESS,192,MSI,0.405,True,word 'customer'; phrase 'customer name'; phrase 'order id',3,"{""POI"": 0.1316, ""NPO"": 0.0, ""IMA"": 0.0, ""MSI"": 0.405, ""PSI"": 0.0, ""JER"": 0.0, ""BKA"": 0.0, ""DPR"": 0.0, ""LCA"": 0.0}",Raw top score: 0.4050
AyoubChLin/CompanyDocuments/PurchaseOrders,purchase_orders_10260.pdf,CONTROL_PO,FACT: Standalone Purchase Order procurement document (NOT an invoice),PDF,1,SUCCESS,264,MSI,0.405,True,word 'customer'; phrase 'customer name'; phrase 'order id',3,"{""POI"": 0.1316, ""NPO"": 0.0, ""IMA"": 0.0, ""MSI"": 0.405, ""PSI"": 0.0, ""JER"": 0.0, ""BKA"": 0.0, ""DPR"": 0.0, ""LCA"": 0.0}",Raw top score: 0.4050
AyoubChLin/CompanyDocuments/PurchaseOrders,purchase_orders_10261.pdf,CONTROL_PO,FACT: Standalone Purchase Order procurement document (NOT an invoice),PDF,1,SUCCESS,198,MSI,0.405,True,word 'customer'; phrase 'customer name'; phrase 'order id',3,"{""POI"": 0.1316, ""NPO"": 0.0, ""IMA"": 0.0, ""MSI"": 0.405, ""PSI"": 0.0, ""JER"": 0.0, ""BKA"": 0.0, ""DPR"": 0.0, ""LCA"": 0.0}",Raw top score: 0.4050
AyoubChLin/CompanyDocuments/PurchaseOrders,purchase_orders_10262.pdf,CONTROL_PO,FACT: Standalone Purchase Order procurement document (NOT an invoice),PDF,1,SUCCESS,244,MSI,0.405,True,word 'customer'; phrase 'customer name'; phrase 'order id',3,"{""POI"": 0.1316, ""NPO"": 0.0, ""IMA"": 0.0, ""MSI"": 0.405, ""PSI"": 0.0, ""JER"": 0.0, ""BKA"": 0.0, ""DPR"": 0.0, ""LCA"": 0.0}",Raw top score: 0.4050
AyoubChLin/CompanyDocuments/PurchaseOrders,purchase_orders_10263.pdf,CONTROL_PO,FACT: Standalone Purchase Order procurement document (NOT an invoice),PDF,1,SUCCESS,244,MSI,0.405,True,word 'customer'; phrase 'customer name'; phrase 'order id',3,"{""POI"": 0.1316, ""NPO"": 0.0, ""IMA"": 0.0, ""MSI"": 0.405, ""PSI"": 0.0, ""JER"": 0.0, ""BKA"": 0.0, ""DPR"": 0.0, ""LCA"": 0.0}",Raw top score: 0.4050
AyoubChLin/CompanyDocuments/PurchaseOrders,purchase_orders_10264.pdf,CONTROL_PO,FACT: Standalone Purchase Order procurement document (NOT an invoice),PDF,1,SUCCESS,199,MSI,0.405,True,word 'customer'; phrase 'customer name'; phrase 'order id',3,"{""POI"": 0.1316, ""NPO"": 0.0, ""IMA"": 0.0, ""MSI"": 0.405, ""PSI"": 0.0, ""JER"": 0.0, ""BKA"": 0.0, ""DPR"": 0.0, ""LCA"": 0.0}",Raw top score: 0.4050
AyoubChLin/CompanyDocuments/PurchaseOrders,purchase_orders_10265.pdf,CONTROL_PO,FACT: Standalone Purchase Order procurement document (NOT an invoice),PDF,1,SUCCESS,193,MSI,0.405,True,word 'customer'; phrase 'customer name'; phrase 'order id',3,"{""POI"": 0.1316, ""NPO"": 0.0, ""IMA"": 0.0, ""MSI"": 0.405, ""PSI"": 0.0, ""JER"": 0.0, ""BKA"": 0.0, ""DPR"": 0.0, ""LCA"": 0.0}",Raw top score: 0.4050
AyoubChLin/CompanyDocuments/PurchaseOrders,purchase_orders_10266.pdf,CONTROL_PO,FACT: Standalone Purchase Order procurement document (NOT an invoice),PDF,1,SUCCESS,181,MSI,0.405,True,word 'customer'; phrase 'customer name'; phrase 'order id',3,"{""POI"": 0.1316, ""NPO"": 0.0, ""IMA"": 0.0, ""MSI"": 0.405, ""PSI"": 0.0, ""JER"": 0.0, ""BKA"": 0.0, ""DPR"": 0.0, ""LCA"": 0.0}",Raw top score: 0.4050
AyoubChLin/CompanyDocuments/PurchaseOrders,purchase_orders_10267.pdf,CONTROL_PO,FACT: Standalone Purchase Order procurement document (NOT an invoice),PDF,1,SUCCESS,223,MSI,0.405,True,word 'customer'; phrase 'customer name'; phrase 'order id',3,"{""POI"": 0.1316, ""NPO"": 0.0, ""IMA"": 0.0, ""MSI"": 0.405, ""PSI"": 0.0, ""JER"": 0.0, ""BKA"": 0.0, ""DPR"": 0.0, ""LCA"": 0.0}",Raw top score: 0.4050
AyoubChLin/CompanyDocuments/PurchaseOrders,purchase_orders_10268.pdf,CONTROL_PO,FACT: Standalone Purchase Order procurement document (NOT an invoice),PDF,1,SUCCESS,208,MSI,0.405,True,word 'customer'; phrase 'customer name'; phrase 'order id',3,"{""POI"": 0.1316, ""NPO"": 0.0, ""IMA"": 0.0, ""MSI"": 0.405, ""PSI"": 0.0, ""JER"": 0.0, ""BKA"": 0.0, ""DPR"": 0.0, ""LCA"": 0.0}",Raw top score: 0.4050
AyoubChLin/CompanyDocuments/PurchaseOrders,purchase_orders_10269.pdf,CONTROL_PO,FACT: Standalone Purchase Order procurement document (NOT an invoice),PDF,1,SUCCESS,192,MSI,0.405,True,word 'customer'; phrase 'customer name'; phrase 'order id',3,"{""POI"": 0.1316, ""NPO"": 0.0, ""IMA"": 0.0, ""MSI"": 0.405, ""PSI"": 0.0, ""JER"": 0.0, ""BKA"": 0.0, ""DPR"": 0.0, ""LCA"": 0.0}",Raw top score: 0.4050
AyoubChLin/CompanyDocuments/PurchaseOrders,purchase_orders_10270.pdf,CONTROL_PO,FACT: Standalone Purchase Order procurement document (NOT an invoice),PDF,1,SUCCESS,190,MSI,0.405,True,word 'customer'; phrase 'customer name'; phrase 'order id',3,"{""POI"": 0.1316, ""NPO"": 0.0, ""IMA"": 0.0, ""MSI"": 0.405, ""PSI"": 0.0, ""JER"": 0.0, ""BKA"": 0.0, ""DPR"": 0.0, ""LCA"": 0.0}",Raw top score: 0.4050
AyoubChLin/CompanyDocuments/PurchaseOrders,purchase_orders_10271.pdf,CONTROL_PO,FACT: Standalone Purchase Order procurement document (NOT an invoice),PDF,1,SUCCESS,162,MSI,0.405,True,word 'customer'; phrase 'customer name'; phrase 'order id',3,"{""POI"": 0.1316, ""NPO"": 0.0, ""IMA"": 0.0, ""MSI"": 0.405, ""PSI"": 0.0, ""JER"": 0.0, ""BKA"": 0.0, ""DPR"": 0.0, ""LCA"": 0.0}",Raw top score: 0.4050
AyoubChLin/CompanyDocuments/PurchaseOrders,purchase_orders_10272.pdf,CONTROL_PO,FACT: Standalone Purchase Order procurement document (NOT an invoice),PDF,1,SUCCESS,234,MSI,0.405,True,word 'customer'; phrase 'customer name'; phrase 'order id',3,"{""POI"": 0.1316, ""NPO"": 0.0, ""IMA"": 0.0, ""MSI"": 0.405, ""PSI"": 0.0, ""JER"": 0.0, ""BKA"": 0.0, ""DPR"": 0.0, ""LCA"": 0.0}",Raw top score: 0.4050
EFDI Batch 1 Invoices,invoice_51109301.pdf,NPO,FACT: Non-PO commercial vendor invoice without purchase order reference,PDF,1,SUCCESS,749,NPO,0.68,True,invoice number pattern; phrase 'invoice no'; word 'invoice'; phrase 'bill to / client'; word 'vendor / seller'; term 'GSTIN'; term 'Tax Id'; phrase 'date of issue'; phrase 'amount due / total summary',9,"{""POI"": 0.1579, ""NPO"": 0.68, ""IMA"": 0.0, ""MSI"": 0.0, ""PSI"": 0.0, ""JER"": 0.0, ""BKA"": 0.0, ""DPR"": 0.0, ""LCA"": 0.0}",Raw top score: 0.6800
EFDI Batch 1 Invoices,invoice_51109302.pdf,NPO,FACT: Non-PO commercial vendor invoice without purchase order reference,PDF,1,SUCCESS,1013,NPO,0.68,True,invoice number pattern; phrase 'invoice no'; word 'invoice'; phrase 'bill to / client'; word 'vendor / seller'; term 'GSTIN'; term 'Tax Id'; phrase 'date of issue'; phrase 'amount due / total summary',9,"{""POI"": 0.1579, ""NPO"": 0.68, ""IMA"": 0.0, ""MSI"": 0.0, ""PSI"": 0.0, ""JER"": 0.0, ""BKA"": 0.0, ""DPR"": 0.0, ""LCA"": 0.0}",Raw top score: 0.6800
EFDI Batch 1 Invoices,invoice_51109303.pdf,NPO,FACT: Non-PO commercial vendor invoice without purchase order reference,PDF,1,SUCCESS,841,NPO,0.68,True,invoice number pattern; phrase 'invoice no'; word 'invoice'; phrase 'bill to / client'; word 'vendor / seller'; term 'GSTIN'; term 'Tax Id'; phrase 'date of issue'; phrase 'amount due / total summary',9,"{""POI"": 0.1579, ""NPO"": 0.68, ""IMA"": 0.0, ""MSI"": 0.0, ""PSI"": 0.0, ""JER"": 0.0, ""BKA"": 0.0, ""DPR"": 0.0, ""LCA"": 0.0}",Raw top score: 0.6800
EFDI Batch 1 Invoices,invoice_51109304.pdf,NPO,FACT: Non-PO commercial vendor invoice without purchase order reference,PDF,1,SUCCESS,1001,NPO,0.68,True,invoice number pattern; phrase 'invoice no'; word 'invoice'; phrase 'bill to / client'; word 'vendor / seller'; term 'GSTIN'; term 'Tax Id'; phrase 'date of issue'; phrase 'amount due / total summary',9,"{""POI"": 0.1579, ""NPO"": 0.68, ""IMA"": 0.0, ""MSI"": 0.0, ""PSI"": 0.0, ""JER"": 0.0, ""BKA"": 0.0, ""DPR"": 0.0, ""LCA"": 0.0}",Raw top score: 0.6800
EFDI Batch 1 Invoices,invoice_51109305.pdf,NPO,FACT: Non-PO commercial vendor invoice without purchase order reference,PDF,1,SUCCESS,1009,NPO,0.68,True,invoice number pattern; phrase 'invoice no'; word 'invoice'; phrase 'bill to / client'; word 'vendor / seller'; term 'GSTIN'; term 'Tax Id'; phrase 'date of issue'; phrase 'amount due / total summary',9,"{""POI"": 0.1579, ""NPO"": 0.68, ""IMA"": 0.0, ""MSI"": 0.0, ""PSI"": 0.0, ""JER"": 0.0, ""BKA"": 0.0, ""DPR"": 0.0, ""LCA"": 0.0}",Raw top score: 0.6800
EFDI Batch 1 Invoices,invoice_51109306.pdf,NPO,FACT: Non-PO commercial vendor invoice without purchase order reference,PDF,1,SUCCESS,581,NPO,0.68,True,invoice number pattern; phrase 'invoice no'; word 'invoice'; phrase 'bill to / client'; word 'vendor / seller'; term 'GSTIN'; term 'Tax Id'; phrase 'date of issue'; phrase 'amount due / total summary',9,"{""POI"": 0.1579, ""NPO"": 0.68, ""IMA"": 0.0, ""MSI"": 0.0, ""PSI"": 0.0, ""JER"": 0.0, ""BKA"": 0.0, ""DPR"": 0.0, ""LCA"": 0.0}",Raw top score: 0.6800
EFDI Batch 1 Invoices,invoice_51109307.pdf,NPO,FACT: Non-PO commercial vendor invoice without purchase order reference,PDF,1,SUCCESS,895,NPO,0.68,True,invoice number pattern; phrase 'invoice no'; word 'invoice'; phrase 'bill to / client'; word 'vendor / seller'; term 'GSTIN'; term 'Tax Id'; phrase 'date of issue'; phrase 'amount due / total summary',9,"{""POI"": 0.1579, ""NPO"": 0.68, ""IMA"": 0.0, ""MSI"": 0.0, ""PSI"": 0.0, ""JER"": 0.0, ""BKA"": 0.0, ""DPR"": 0.0, ""LCA"": 0.0}",Raw top score: 0.6800
EFDI Batch 1 Invoices,invoice_51109308.pdf,NPO,FACT: Non-PO commercial vendor invoice without purchase order reference,PDF,1,SUCCESS,826,NPO,0.68,True,invoice number pattern; phrase 'invoice no'; word 'invoice'; phrase 'bill to / client'; word 'vendor / seller'; term 'GSTIN'; term 'Tax Id'; phrase 'date of issue'; phrase 'amount due / total summary',9,"{""POI"": 0.1579, ""NPO"": 0.68, ""IMA"": 0.0, ""MSI"": 0.0, ""PSI"": 0.0, ""JER"": 0.0, ""BKA"": 0.0, ""DPR"": 0.0, ""LCA"": 0.0}",Raw top score: 0.6800
EFDI Batch 1 Invoices,invoice_51109309.pdf,NPO,FACT: Non-PO commercial vendor invoice without purchase order reference,PDF,1,SUCCESS,568,NPO,0.68,True,invoice number pattern; phrase 'invoice no'; word 'invoice'; phrase 'bill to / client'; word 'vendor / seller'; term 'GSTIN'; term 'Tax Id'; phrase 'date of issue'; phrase 'amount due / total summary',9,"{""POI"": 0.1579, ""NPO"": 0.68, ""IMA"": 0.0, ""MSI"": 0.0, ""PSI"": 0.0, ""JER"": 0.0, ""BKA"": 0.0, ""DPR"": 0.0, ""LCA"": 0.0}",Raw top score: 0.6800
EFDI Batch 1 Invoices,invoice_51109310.pdf,NPO,FACT: Non-PO commercial vendor invoice without purchase order reference,PDF,1,SUCCESS,821,NPO,0.68,True,invoice number pattern; phrase 'invoice no'; word 'invoice'; phrase 'bill to / client'; word 'vendor / seller'; term 'GSTIN'; term 'Tax Id'; phrase 'date of issue'; phrase 'amount due / total summary',9,"{""POI"": 0.1579, ""NPO"": 0.68, ""IMA"": 0.0, ""MSI"": 0.0, ""PSI"": 0.0, ""JER"": 0.0, ""BKA"": 0.0, ""DPR"": 0.0, ""LCA"": 0.0}",Raw top score: 0.6800
EFDI Batch 1 Invoices,invoice_51109311.pdf,NPO,FACT: Non-PO commercial vendor invoice without purchase order reference,PDF,1,SUCCESS,580,NPO,0.68,True,invoice number pattern; phrase 'invoice no'; word 'invoice'; phrase 'bill to / client'; word 'vendor / seller'; term 'GSTIN'; term 'Tax Id'; phrase 'date of issue'; phrase 'amount due / total summary',9,"{""POI"": 0.1579, ""NPO"": 0.68, ""IMA"": 0.0, ""MSI"": 0.0, ""PSI"": 0.0, ""JER"": 0.0, ""BKA"": 0.0, ""DPR"": 0.0, ""LCA"": 0.0}",Raw top score: 0.6800
EFDI Batch 1 Invoices,invoice_51109312.pdf,NPO,FACT: Non-PO commercial vendor invoice without purchase order reference,PDF,1,SUCCESS,1061,NPO,0.68,True,invoice number pattern; phrase 'invoice no'; word 'invoice'; phrase 'bill to / client'; word 'vendor / seller'; term 'GSTIN'; term 'Tax Id'; phrase 'date of issue'; phrase 'amount due / total summary',9,"{""POI"": 0.1579, ""NPO"": 0.68, ""IMA"": 0.0, ""MSI"": 0.0, ""PSI"": 0.0, ""JER"": 0.0, ""BKA"": 0.0, ""DPR"": 0.0, ""LCA"": 0.0}",Raw top score: 0.6800
EFDI Batch 1 Invoices,invoice_51109313.pdf,NPO,FACT: Non-PO commercial vendor invoice without purchase order reference,PDF,1,SUCCESS,1171,NPO,0.68,True,invoice number pattern; phrase 'invoice no'; word 'invoice'; phrase 'bill to / client'; word 'vendor / seller'; term 'GSTIN'; term 'Tax Id'; phrase 'date of issue'; phrase 'amount due / total summary',9,"{""POI"": 0.1579, ""NPO"": 0.68, ""IMA"": 0.0, ""MSI"": 0.0, ""PSI"": 0.0, ""JER"": 0.0, ""BKA"": 0.0, ""DPR"": 0.0, ""LCA"": 0.0}",Raw top score: 0.6800
EFDI Batch 1 Invoices,invoice_51109314.pdf,NPO,FACT: Non-PO commercial vendor invoice without purchase order reference,PDF,1,SUCCESS,665,NPO,0.68,True,invoice number pattern; phrase 'invoice no'; word 'invoice'; phrase 'bill to / client'; word 'vendor / seller'; term 'GSTIN'; term 'Tax Id'; phrase 'date of issue'; phrase 'amount due / total summary',9,"{""POI"": 0.1579, ""NPO"": 0.68, ""IMA"": 0.0, ""MSI"": 0.0, ""PSI"": 0.0, ""JER"": 0.0, ""BKA"": 0.0, ""DPR"": 0.0, ""LCA"": 0.0}",Raw top score: 0.6800
EFDI Batch 1 Invoices,invoice_51109315.pdf,NPO,FACT: Non-PO commercial vendor invoice without purchase order reference,PDF,1,SUCCESS,1174,NPO,0.68,True,invoice number pattern; phrase 'invoice no'; word 'invoice'; phrase 'bill to / client'; word 'vendor / seller'; term 'GSTIN'; term 'Tax Id'; phrase 'date of issue'; phrase 'amount due / total summary',9,"{""POI"": 0.1579, ""NPO"": 0.68, ""IMA"": 0.0, ""MSI"": 0.0, ""PSI"": 0.0, ""JER"": 0.0, ""BKA"": 0.0, ""DPR"": 0.0, ""LCA"": 0.0}",Raw top score: 0.6800
EFDI Batch 1 Invoices,invoice_51109316.pdf,NPO,FACT: Non-PO commercial vendor invoice without purchase order reference,PDF,1,SUCCESS,662,NPO,0.68,True,invoice number pattern; phrase 'invoice no'; word 'invoice'; phrase 'bill to / client'; word 'vendor / seller'; term 'GSTIN'; term 'Tax Id'; phrase 'date of issue'; phrase 'amount due / total summary',9,"{""POI"": 0.1579, ""NPO"": 0.68, ""IMA"": 0.0, ""MSI"": 0.0, ""PSI"": 0.0, ""JER"": 0.0, ""BKA"": 0.0, ""DPR"": 0.0, ""LCA"": 0.0}",Raw top score: 0.6800
EFDI Batch 1 Invoices,invoice_51109317.pdf,NPO,FACT: Non-PO commercial vendor invoice without purchase order reference,PDF,1,SUCCESS,926,NPO,0.68,True,invoice number pattern; phrase 'invoice no'; word 'invoice'; phrase 'bill to / client'; word 'vendor / seller'; term 'GSTIN'; term 'Tax Id'; phrase 'date of issue'; phrase 'amount due / total summary',9,"{""POI"": 0.1579, ""NPO"": 0.68, ""IMA"": 0.0, ""MSI"": 0.0, ""PSI"": 0.0, ""JER"": 0.0, ""BKA"": 0.0, ""DPR"": 0.0, ""LCA"": 0.0}",Raw top score: 0.6800
EFDI Batch 1 Invoices,invoice_51109318.pdf,NPO,FACT: Non-PO commercial vendor invoice without purchase order reference,PDF,1,SUCCESS,580,NPO,0.68,True,invoice number pattern; phrase 'invoice no'; word 'invoice'; phrase 'bill to / client'; word 'vendor / seller'; term 'GSTIN'; term 'Tax Id'; phrase 'date of issue'; phrase 'amount due / total summary',9,"{""POI"": 0.1579, ""NPO"": 0.68, ""IMA"": 0.0, ""MSI"": 0.0, ""PSI"": 0.0, ""JER"": 0.0, ""BKA"": 0.0, ""DPR"": 0.0, ""LCA"": 0.0}",Raw top score: 0.6800
EFDI Batch 1 Invoices,invoice_51109319.pdf,NPO,FACT: Non-PO commercial vendor invoice without purchase order reference,PDF,1,SUCCESS,646,NPO,0.68,True,invoice number pattern; phrase 'invoice no'; word 'invoice'; phrase 'bill to / client'; word 'vendor / seller'; term 'GSTIN'; term 'Tax Id'; phrase 'date of issue'; phrase 'amount due / total summary',9,"{""POI"": 0.1579, ""NPO"": 0.68, ""IMA"": 0.0, ""MSI"": 0.0, ""PSI"": 0.0, ""JER"": 0.0, ""BKA"": 0.0, ""DPR"": 0.0, ""LCA"": 0.0}",Raw top score: 0.6800
EFDI Batch 1 Invoices,invoice_51109320.pdf,NPO,FACT: Non-PO commercial vendor invoice without purchase order reference,PDF,1,SUCCESS,1168,NPO,0.68,True,invoice number pattern; phrase 'invoice no'; word 'invoice'; phrase 'bill to / client'; word 'vendor / seller'; term 'GSTIN'; term 'Tax Id'; phrase 'date of issue'; phrase 'amount due / total summary',9,"{""POI"": 0.1579, ""NPO"": 0.68, ""IMA"": 0.0, ""MSI"": 0.0, ""PSI"": 0.0, ""JER"": 0.0, ""BKA"": 0.0, ""DPR"": 0.0, ""LCA"": 0.0}",Raw top score: 0.6800
EFDI Batch 1 Invoices,invoice_51109321.pdf,NPO,FACT: Non-PO commercial vendor invoice without purchase order reference,PDF,1,SUCCESS,833,NPO,0.68,True,invoice number pattern; phrase 'invoice no'; word 'invoice'; phrase 'bill to / client'; word 'vendor / seller'; term 'GSTIN'; term 'Tax Id'; phrase 'date of issue'; phrase 'amount due / total summary',9,"{""POI"": 0.1579, ""NPO"": 0.68, ""IMA"": 0.0, ""MSI"": 0.0, ""PSI"": 0.0, ""JER"": 0.0, ""BKA"": 0.0, ""DPR"": 0.0, ""LCA"": 0.0}",Raw top score: 0.6800
EFDI Batch 1 Invoices,invoice_51109322.pdf,NPO,FACT: Non-PO commercial vendor invoice without purchase order reference,PDF,1,SUCCESS,582,NPO,0.68,True,invoice number pattern; phrase 'invoice no'; word 'invoice'; phrase 'bill to / client'; word 'vendor / seller'; term 'GSTIN'; term 'Tax Id'; phrase 'date of issue'; phrase 'amount due / total summary',9,"{""POI"": 0.1579, ""NPO"": 0.68, ""IMA"": 0.0, ""MSI"": 0.0, ""PSI"": 0.0, ""JER"": 0.0, ""BKA"": 0.0, ""DPR"": 0.0, ""LCA"": 0.0}",Raw top score: 0.6800
EFDI Batch 1 Invoices,invoice_51109323.pdf,NPO,FACT: Non-PO commercial vendor invoice without purchase order reference,PDF,1,SUCCESS,836,NPO,0.68,True,invoice number pattern; phrase 'invoice no'; word 'invoice'; phrase 'bill to / client'; word 'vendor / seller'; term 'GSTIN'; term 'Tax Id'; phrase 'date of issue'; phrase 'amount due / total summary',9,"{""POI"": 0.1579, ""NPO"": 0.68, ""IMA"": 0.0, ""MSI"": 0.0, ""PSI"": 0.0, ""JER"": 0.0, ""BKA"": 0.0, ""DPR"": 0.0, ""LCA"": 0.0}",Raw top score: 0.6800
EFDI Batch 1 Invoices,invoice_51109324.pdf,NPO,FACT: Non-PO commercial vendor invoice without purchase order reference,PDF,1,SUCCESS,840,NPO,0.68,True,invoice number pattern; phrase 'invoice no'; word 'invoice'; phrase 'bill to / client'; word 'vendor / seller'; term 'GSTIN'; term 'Tax Id'; phrase 'date of issue'; phrase 'amount due / total summary',9,"{""POI"": 0.1579, ""NPO"": 0.68, ""IMA"": 0.0, ""MSI"": 0.0, ""PSI"": 0.0, ""JER"": 0.0, ""BKA"": 0.0, ""DPR"": 0.0, ""LCA"": 0.0}",Raw top score: 0.6800
EFDI Batch 1 Invoices,invoice_51109325.pdf,NPO,FACT: Non-PO commercial vendor invoice without purchase order reference,PDF,1,SUCCESS,1158,NPO,0.68,True,invoice number pattern; phrase 'invoice no'; word 'invoice'; phrase 'bill to / client'; word 'vendor / seller'; term 'GSTIN'; term 'Tax Id'; phrase 'date of issue'; phrase 'amount due / total summary',9,"{""POI"": 0.1579, ""NPO"": 0.68, ""IMA"": 0.0, ""MSI"": 0.0, ""PSI"": 0.0, ""JER"": 0.0, ""BKA"": 0.0, ""DPR"": 0.0, ""LCA"": 0.0}",Raw top score: 0.6800
AyoubChLin/CompanyDocuments/invoices,company_invoice_10248.pdf,MSI,FACT: Customer-facing retail sales invoice / shipping order,PDF,1,SUCCESS,411,MSI,0.27,True,word 'customer'; phrase 'order id',2,"{""POI"": 0.0263, ""NPO"": 0.03, ""IMA"": 0.0, ""MSI"": 0.27, ""PSI"": 0.0, ""JER"": 0.0, ""BKA"": 0.0, ""DPR"": 0.0, ""LCA"": 0.0}",Raw top score: 0.2700
AyoubChLin/CompanyDocuments/invoices,company_invoice_10249.pdf,MSI,FACT: Customer-facing retail sales invoice / shipping order,PDF,1,SUCCESS,360,MSI,0.27,True,word 'customer'; phrase 'order id',2,"{""POI"": 0.0263, ""NPO"": 0.03, ""IMA"": 0.0, ""MSI"": 0.27, ""PSI"": 0.0, ""JER"": 0.0, ""BKA"": 0.0, ""DPR"": 0.0, ""LCA"": 0.0}",Raw top score: 0.2700
AyoubChLin/CompanyDocuments/invoices,company_invoice_10250.pdf,MSI,FACT: Customer-facing retail sales invoice / shipping order,PDF,1,SUCCESS,446,MSI,0.27,True,word 'customer'; phrase 'order id',2,"{""POI"": 0.0263, ""NPO"": 0.03, ""IMA"": 0.0, ""MSI"": 0.27, ""PSI"": 0.0, ""JER"": 0.0, ""BKA"": 0.0, ""DPR"": 0.0, ""LCA"": 0.0}",Raw top score: 0.2700
AyoubChLin/CompanyDocuments/invoices,company_invoice_10251.pdf,MSI,FACT: Customer-facing retail sales invoice / shipping order,PDF,1,SUCCESS,411,MSI,0.27,True,word 'customer'; phrase 'order id',2,"{""POI"": 0.0263, ""NPO"": 0.03, ""IMA"": 0.0, ""MSI"": 0.27, ""PSI"": 0.0, ""JER"": 0.0, ""BKA"": 0.0, ""DPR"": 0.0, ""LCA"": 0.0}",Raw top score: 0.2700
AyoubChLin/CompanyDocuments/invoices,company_invoice_10252.pdf,MSI,FACT: Customer-facing retail sales invoice / shipping order,PDF,1,SUCCESS,418,MSI,0.27,True,word 'customer'; phrase 'order id',2,"{""POI"": 0.0263, ""NPO"": 0.03, ""IMA"": 0.0, ""MSI"": 0.27, ""PSI"": 0.0, ""JER"": 0.0, ""BKA"": 0.0, ""DPR"": 0.0, ""LCA"": 0.0}",Raw top score: 0.2700
AyoubChLin/CompanyDocuments/invoices,company_invoice_10253.pdf,MSI,FACT: Customer-facing retail sales invoice / shipping order,PDF,1,SUCCESS,416,MSI,0.27,True,word 'customer'; phrase 'order id',2,"{""POI"": 0.0263, ""NPO"": 0.03, ""IMA"": 0.0, ""MSI"": 0.27, ""PSI"": 0.0, ""JER"": 0.0, ""BKA"": 0.0, ""DPR"": 0.0, ""LCA"": 0.0}",Raw top score: 0.2700
AyoubChLin/CompanyDocuments/invoices,company_invoice_10254.pdf,MSI,FACT: Customer-facing retail sales invoice / shipping order,PDF,1,SUCCESS,376,MSI,0.27,True,word 'customer'; phrase 'order id',2,"{""POI"": 0.0263, ""NPO"": 0.03, ""IMA"": 0.0, ""MSI"": 0.27, ""PSI"": 0.0, ""JER"": 0.0, ""BKA"": 0.0, ""DPR"": 0.0, ""LCA"": 0.0}",Raw top score: 0.2700
AyoubChLin/CompanyDocuments/invoices,company_invoice_10255.pdf,MSI,FACT: Customer-facing retail sales invoice / shipping order,PDF,1,SUCCESS,400,MSI,0.27,True,word 'customer'; phrase 'order id',2,"{""POI"": 0.0263, ""NPO"": 0.03, ""IMA"": 0.0, ""MSI"": 0.27, ""PSI"": 0.0, ""JER"": 0.0, ""BKA"": 0.0, ""DPR"": 0.0, ""LCA"": 0.0}",Raw top score: 0.2700
AyoubChLin/CompanyDocuments/invoices,company_invoice_10256.pdf,MSI,FACT: Customer-facing retail sales invoice / shipping order,PDF,1,SUCCESS,382,MSI,0.27,True,word 'customer'; phrase 'order id',2,"{""POI"": 0.0263, ""NPO"": 0.03, ""IMA"": 0.0, ""MSI"": 0.27, ""PSI"": 0.0, ""JER"": 0.0, ""BKA"": 0.0, ""DPR"": 0.0, ""LCA"": 0.0}",Raw top score: 0.2700
AyoubChLin/CompanyDocuments/invoices,company_invoice_10257.pdf,MSI,FACT: Customer-facing retail sales invoice / shipping order,PDF,1,SUCCESS,453,MSI,0.27,True,word 'customer'; phrase 'order id',2,"{""POI"": 0.0263, ""NPO"": 0.03, ""IMA"": 0.0, ""MSI"": 0.27, ""PSI"": 0.0, ""JER"": 0.0, ""BKA"": 0.0, ""DPR"": 0.0, ""LCA"": 0.0}",Raw top score: 0.2700
AyoubChLin/CompanyDocuments/invoices,company_invoice_10258.pdf,MSI,FACT: Customer-facing retail sales invoice / shipping order,PDF,1,SUCCESS,381,MSI,0.27,True,word 'customer'; phrase 'order id',2,"{""POI"": 0.0263, ""NPO"": 0.03, ""IMA"": 0.0, ""MSI"": 0.27, ""PSI"": 0.0, ""JER"": 0.0, ""BKA"": 0.0, ""DPR"": 0.0, ""LCA"": 0.0}",Raw top score: 0.2700
AyoubChLin/CompanyDocuments/invoices,company_invoice_10259.pdf,MSI,FACT: Customer-facing retail sales invoice / shipping order,PDF,1,SUCCESS,379,MSI,0.27,True,word 'customer'; phrase 'order id',2,"{""POI"": 0.0263, ""NPO"": 0.03, ""IMA"": 0.0, ""MSI"": 0.27, ""PSI"": 0.0, ""JER"": 0.0, ""BKA"": 0.0, ""DPR"": 0.0, ""LCA"": 0.0}",Raw top score: 0.2700
AyoubChLin/CompanyDocuments/invoices,company_invoice_10260.pdf,MSI,FACT: Customer-facing retail sales invoice / shipping order,PDF,1,SUCCESS,441,MSI,0.27,True,word 'customer'; phrase 'order id',2,"{""POI"": 0.0263, ""NPO"": 0.03, ""IMA"": 0.0, ""MSI"": 0.27, ""PSI"": 0.0, ""JER"": 0.0, ""BKA"": 0.0, ""DPR"": 0.0, ""LCA"": 0.0}",Raw top score: 0.2700
AyoubChLin/CompanyDocuments/invoices,company_invoice_10261.pdf,MSI,FACT: Customer-facing retail sales invoice / shipping order,PDF,1,SUCCESS,394,MSI,0.27,True,word 'customer'; phrase 'order id',2,"{""POI"": 0.0263, ""NPO"": 0.03, ""IMA"": 0.0, ""MSI"": 0.27, ""PSI"": 0.0, ""JER"": 0.0, ""BKA"": 0.0, ""DPR"": 0.0, ""LCA"": 0.0}",Raw top score: 0.2700
AyoubChLin/CompanyDocuments/invoices,company_invoice_10262.pdf,MSI,FACT: Customer-facing retail sales invoice / shipping order,PDF,1,SUCCESS,426,MSI,0.27,True,word 'customer'; phrase 'order id',2,"{""POI"": 0.0263, ""NPO"": 0.03, ""IMA"": 0.0, ""MSI"": 0.27, ""PSI"": 0.0, ""JER"": 0.0, ""BKA"": 0.0, ""DPR"": 0.0, ""LCA"": 0.0}",Raw top score: 0.2700
AyoubChLin/CompanyDocuments/invoices,company_invoice_10263.pdf,MSI,FACT: Customer-facing retail sales invoice / shipping order,PDF,1,SUCCESS,408,MSI,0.27,True,word 'customer'; phrase 'order id',2,"{""POI"": 0.0263, ""NPO"": 0.03, ""IMA"": 0.0, ""MSI"": 0.27, ""PSI"": 0.0, ""JER"": 0.0, ""BKA"": 0.0, ""DPR"": 0.0, ""LCA"": 0.0}",Raw top score: 0.2700
AyoubChLin/CompanyDocuments/invoices,company_invoice_10264.pdf,MSI,FACT: Customer-facing retail sales invoice / shipping order,PDF,1,SUCCESS,364,MSI,0.27,True,word 'customer'; phrase 'order id',2,"{""POI"": 0.0263, ""NPO"": 0.03, ""IMA"": 0.0, ""MSI"": 0.27, ""PSI"": 0.0, ""JER"": 0.0, ""BKA"": 0.0, ""DPR"": 0.0, ""LCA"": 0.0}",Raw top score: 0.2700
AyoubChLin/CompanyDocuments/invoices,company_invoice_10265.pdf,MSI,FACT: Customer-facing retail sales invoice / shipping order,PDF,1,SUCCESS,371,MSI,0.27,True,word 'customer'; phrase 'order id',2,"{""POI"": 0.0263, ""NPO"": 0.03, ""IMA"": 0.0, ""MSI"": 0.27, ""PSI"": 0.0, ""JER"": 0.0, ""BKA"": 0.0, ""DPR"": 0.0, ""LCA"": 0.0}",Raw top score: 0.2700
AyoubChLin/CompanyDocuments/invoices,company_invoice_10266.pdf,MSI,FACT: Customer-facing retail sales invoice / shipping order,PDF,1,SUCCESS,357,MSI,0.27,True,word 'customer'; phrase 'order id',2,"{""POI"": 0.0263, ""NPO"": 0.03, ""IMA"": 0.0, ""MSI"": 0.27, ""PSI"": 0.0, ""JER"": 0.0, ""BKA"": 0.0, ""DPR"": 0.0, ""LCA"": 0.0}",Raw top score: 0.2700
AyoubChLin/CompanyDocuments/invoices,company_invoice_10267.pdf,MSI,FACT: Customer-facing retail sales invoice / shipping order,PDF,1,SUCCESS,400,MSI,0.27,True,word 'customer'; phrase 'order id',2,"{""POI"": 0.0263, ""NPO"": 0.03, ""IMA"": 0.0, ""MSI"": 0.27, ""PSI"": 0.0, ""JER"": 0.0, ""BKA"": 0.0, ""DPR"": 0.0, ""LCA"": 0.0}",Raw top score: 0.2700
AyoubChLin/CompanyDocuments/invoices,company_invoice_10268.pdf,MSI,FACT: Customer-facing retail sales invoice / shipping order,PDF,1,SUCCESS,396,MSI,0.27,True,word 'customer'; phrase 'order id',2,"{""POI"": 0.0263, ""NPO"": 0.03, ""IMA"": 0.0, ""MSI"": 0.27, ""PSI"": 0.0, ""JER"": 0.0, ""BKA"": 0.0, ""DPR"": 0.0, ""LCA"": 0.0}",Raw top score: 0.2700
AyoubChLin/CompanyDocuments/invoices,company_invoice_10269.pdf,MSI,FACT: Customer-facing retail sales invoice / shipping order,PDF,1,SUCCESS,380,MSI,0.27,True,word 'customer'; phrase 'order id',2,"{""POI"": 0.0263, ""NPO"": 0.03, ""IMA"": 0.0, ""MSI"": 0.27, ""PSI"": 0.0, ""JER"": 0.0, ""BKA"": 0.0, ""DPR"": 0.0, ""LCA"": 0.0}",Raw top score: 0.2700
AyoubChLin/CompanyDocuments/invoices,company_invoice_10270.pdf,MSI,FACT: Customer-facing retail sales invoice / shipping order,PDF,1,SUCCESS,354,MSI,0.27,True,word 'customer'; phrase 'order id',2,"{""POI"": 0.0263, ""NPO"": 0.03, ""IMA"": 0.0, ""MSI"": 0.27, ""PSI"": 0.0, ""JER"": 0.0, ""BKA"": 0.0, ""DPR"": 0.0, ""LCA"": 0.0}",Raw top score: 0.2700
AyoubChLin/CompanyDocuments/invoices,company_invoice_10271.pdf,MSI,FACT: Customer-facing retail sales invoice / shipping order,PDF,1,SUCCESS,333,MSI,0.27,True,word 'customer'; phrase 'order id',2,"{""POI"": 0.0263, ""NPO"": 0.03, ""IMA"": 0.0, ""MSI"": 0.27, ""PSI"": 0.0, ""JER"": 0.0, ""BKA"": 0.0, ""DPR"": 0.0, ""LCA"": 0.0}",Raw top score: 0.2700
AyoubChLin/CompanyDocuments/invoices,company_invoice_10272.pdf,MSI,FACT: Customer-facing retail sales invoice / shipping order,PDF,1,SUCCESS,415,MSI,0.27,True,word 'customer'; phrase 'order id',2,"{""POI"": 0.0263, ""NPO"": 0.03, ""IMA"": 0.0, ""MSI"": 0.27, ""PSI"": 0.0, ""JER"": 0.0, ""BKA"": 0.0, ""DPR"": 0.0, ""LCA"": 0.0}",Raw top score: 0.2700
