filename,document_id,page_count,engine_name,processing_time_s,status,average_confidence,text_length,blocks_count,has_3_underscore,pCs_count,pcs_count,seller_client_interleaved,error
invoice_51109301.pdf,39,1,easyocr,39.096,SUCCESS,0.8718,734,62,False,0,3,False,
invoice_51109309.pdf,40,1,easyocr,30.23,SUCCESS,0.8531,559,46,False,0,1,False,
invoice_51109306.pdf,41,1,easyocr,26.985,SUCCESS,0.8859,572,46,False,0,1,False,
invoice_51109351.pdf,42,1,easyocr,27.315,SUCCESS,0.8502,658,55,False,1,1,False,
invoice_51109310.pdf,43,1,easyocr,28.028,SUCCESS,0.881,804,68,False,1,3,False,
invoice_51109321.pdf,44,1,easyocr,27.861,SUCCESS,0.871,817,69,False,0,4,False,
invoice_51109305.pdf,45,1,easyocr,32.425,SUCCESS,0.8598,986,83,False,0,6,False,
invoice_51109331.pdf,46,1,easyocr,35.467,SUCCESS,0.8585,1062,91,False,1,5,False,
invoice_51109313.pdf,47,1,easyocr,35.727,SUCCESS,0.8724,1140,100,False,1,7,False,
invoice_51109378.pdf,48,1,easyocr,35.104,SUCCESS,0.8742,1158,101,False,2,6,False,
