filename,document_id,page_count,engine_name,processing_time_s,status,average_confidence,text_length,blocks_count,table_detected,line_items_count,columns_detected_count,has_3_underscore,pCs_count,pcs_count,seller_client_interleaved,error
invoice_51109301.pdf,59,1,easyocr,43.243,SUCCESS,0.8718,734,62,True,3,8,False,0,3,False,
invoice_51109309.pdf,60,1,easyocr,28.501,SUCCESS,0.8531,559,46,True,1,8,False,0,1,False,
invoice_51109306.pdf,61,1,easyocr,30.043,SUCCESS,0.8859,572,46,True,1,8,False,0,1,False,
invoice_51109351.pdf,62,1,easyocr,30.154,SUCCESS,0.8502,658,55,True,2,8,False,1,1,False,
invoice_51109310.pdf,63,1,easyocr,34.264,SUCCESS,0.881,804,68,True,4,8,False,1,3,False,
invoice_51109321.pdf,64,1,easyocr,31.179,SUCCESS,0.871,817,69,True,4,8,False,0,4,False,
invoice_51109305.pdf,65,1,easyocr,33.603,SUCCESS,0.8598,986,83,True,6,8,False,0,6,False,
invoice_51109331.pdf,66,1,easyocr,33.02,SUCCESS,0.8585,1062,91,True,7,8,False,1,5,False,
invoice_51109313.pdf,67,1,easyocr,39.301,SUCCESS,0.8724,1140,100,True,8,8,False,1,7,False,
invoice_51109378.pdf,68,1,easyocr,32.619,SUCCESS,0.8742,1158,101,True,8,8,False,2,6,False,
