filename,document_id,page_count,engine_name,processing_time_s,status,average_confidence,text_length,blocks_count,error
invoice_51109301.pdf,19,1,easyocr,28.601,SUCCESS,0.8615,737,63,
invoice_51109309.pdf,20,1,easyocr,27.645,SUCCESS,0.8878,559,46,
invoice_51109306.pdf,21,1,easyocr,26.006,SUCCESS,0.8931,572,46,
invoice_51109351.pdf,22,1,easyocr,26.839,SUCCESS,0.8832,658,55,
invoice_51109310.pdf,23,1,easyocr,28.149,SUCCESS,0.8713,806,69,
invoice_51109321.pdf,24,1,easyocr,27.55,SUCCESS,0.8692,818,70,
invoice_51109305.pdf,25,1,easyocr,28.293,SUCCESS,0.8998,988,84,
invoice_51109331.pdf,26,1,easyocr,29.363,SUCCESS,0.8625,1066,93,
invoice_51109313.pdf,27,1,easyocr,29.343,SUCCESS,0.883,1145,102,
invoice_51109378.pdf,28,1,easyocr,31.145,SUCCESS,0.8949,1164,103,
