filename,document_id,page_count,engine_name,processing_time_s,status,average_confidence,quality_score,quality_grade,validation_passed,passed_rules_count,failed_rules_count,text_length,blocks_count,table_detected,line_items_count,columns_detected_count,has_3_underscore,pCs_count,pcs_count,seller_client_interleaved,preprocessing_strategy,error
invoice_51109301.pdf,196,1,easyocr,42.423,SUCCESS,0.8708,0.9548,EXCELLENT,True,10,0,735,62,True,3,8,False,0,3,False,PASS_THROUGH_CLEAN_DIGITAL,
invoice_51109309.pdf,197,1,easyocr,28.35,SUCCESS,0.8786,0.9575,EXCELLENT,True,6,0,559,46,True,1,8,False,0,1,False,PASS_THROUGH_CLEAN_DIGITAL,
invoice_51109306.pdf,198,1,easyocr,28.992,SUCCESS,0.8853,0.9598,EXCELLENT,True,6,0,572,46,True,1,8,False,0,1,False,PASS_THROUGH_CLEAN_DIGITAL,
invoice_51109351.pdf,199,1,easyocr,31.793,SUCCESS,0.866,0.9531,EXCELLENT,True,8,0,658,55,True,2,8,False,0,2,False,PASS_THROUGH_CLEAN_DIGITAL,
invoice_51109310.pdf,200,1,easyocr,31.362,SUCCESS,0.8717,0.9551,EXCELLENT,True,12,0,804,68,True,4,8,False,0,4,False,PASS_THROUGH_CLEAN_DIGITAL,
invoice_51109321.pdf,201,1,easyocr,29.846,SUCCESS,0.8828,0.959,EXCELLENT,True,12,0,817,69,True,4,8,False,0,4,False,PASS_THROUGH_CLEAN_DIGITAL,
invoice_51109305.pdf,202,1,easyocr,30.922,SUCCESS,0.8471,0.9465,EXCELLENT,True,16,0,986,83,True,6,8,False,0,6,False,PASS_THROUGH_CLEAN_DIGITAL,
invoice_51109331.pdf,203,1,easyocr,32.537,SUCCESS,0.8527,0.9484,EXCELLENT,True,18,0,1062,91,True,7,8,False,1,5,False,PASS_THROUGH_CLEAN_DIGITAL,
invoice_51109313.pdf,204,1,easyocr,32.681,SUCCESS,0.881,0.9584,EXCELLENT,True,20,0,1141,99,True,8,8,False,3,5,False,PASS_THROUGH_CLEAN_DIGITAL,
invoice_51109378.pdf,205,1,easyocr,33.002,SUCCESS,0.8833,0.9592,EXCELLENT,True,20,0,1158,101,True,8,8,False,0,8,False,PASS_THROUGH_CLEAN_DIGITAL,
